,comb,obj,GAPD,PGK,PGM,ENO,TPI,ACONTb,ACONTa,CS,FUM,MDH
0,"('GAPD',)",14.151612903225798,1,0,0,0,0,0,0,0,0,0
1,"('PGK',)",14.151612903225798,0,1,0,0,0,0,0,0,0,0
2,"('PGM',)",14.796774193548359,0,0,1,0,0,0,0,0,0,0
3,"('ENO',)",14.796774193548359,0,0,0,1,0,0,0,0,0,0
4,"('TPI',)",16.08709677419352,0,0,0,0,1,0,0,0,0,0
5,"('ACONTb',)",16.681632653061236,0,0,0,0,0,1,0,0,0,0
6,"('ACONTa',)",16.681632653061236,0,0,0,0,0,0,1,0,0,0
7,"('CS',)",16.681632653061236,0,0,0,0,0,0,0,1,0,0
8,"('FUM',)",16.763025210084017,0,0,0,0,0,0,0,0,1,0
9,"('MDH',)",16.77387755102039,0,0,0,0,0,0,0,0,0,1
10,"('GAPD', 'PGK')",14.151612903225796,1,1,0,0,0,0,0,0,0,0
11,"('GAPD', 'PGM')",14.151612903225796,1,0,1,0,0,0,0,0,0,0
12,"('GAPD', 'ENO')",14.151612903225796,1,0,0,1,0,0,0,0,0,0
13,"('GAPD', 'TPI')",1.2649350649350728,1,0,0,0,1,0,0,0,0,0
14,"('GAPD', 'ACONTb')",13.63859649122807,1,0,0,0,0,1,0,0,0,0
15,"('GAPD', 'ACONTa')",13.63859649122807,1,0,0,0,0,0,1,0,0,0
16,"('GAPD', 'CS')",13.63859649122807,1,0,0,0,0,0,0,1,0,0
17,"('GAPD', 'FUM')",14.15161290322578,1,0,0,0,0,0,0,0,1,0
18,"('GAPD', 'MDH')",14.151612903225802,1,0,0,0,0,0,0,0,0,1
19,"('PGK', 'PGM')",14.151612903225807,0,1,1,0,0,0,0,0,0,0
20,"('PGK', 'ENO')",14.151612903225802,0,1,0,1,0,0,0,0,0,0
21,"('PGK', 'TPI')",1.264935064935065,0,1,0,0,1,0,0,0,0,0
22,"('PGK', 'ACONTb')",13.63859649122809,0,1,0,0,0,1,0,0,0,0
23,"('PGK', 'ACONTa')",13.63859649122809,0,1,0,0,0,0,1,0,0,0
24,"('PGK', 'CS')",13.63859649122809,0,1,0,0,0,0,0,1,0,0
25,"('PGK', 'FUM')",14.151612903225804,0,1,0,0,0,0,0,0,1,0
26,"('PGK', 'MDH')",14.151612903225809,0,1,0,0,0,0,0,0,0,1
27,"('PGM', 'ENO')",14.79677419354839,0,0,1,1,0,0,0,0,0,0
28,"('PGM', 'TPI')",14.79677419354839,0,0,1,0,1,0,0,0,0,0
29,"('PGM', 'ACONTb')",14.340350877193003,0,0,1,0,0,1,0,0,0,0
30,"('PGM', 'ACONTa')",14.340350877193003,0,0,1,0,0,0,1,0,0,0
31,"('PGM', 'CS')",14.340350877193003,0,0,1,0,0,0,0,1,0,0
32,"('PGM', 'FUM')",14.610852713178298,0,0,1,0,0,0,0,0,1,0
33,"('PGM', 'MDH')",14.68756218905472,0,0,1,0,0,0,0,0,0,1
34,"('ENO', 'TPI')",14.796774193548384,0,0,0,1,1,0,0,0,0,0
35,"('ENO', 'ACONTb')",14.340350877192957,0,0,0,1,0,1,0,0,0,0
36,"('ENO', 'ACONTa')",14.340350877192957,0,0,0,1,0,0,1,0,0,0
37,"('ENO', 'CS')",14.340350877192957,0,0,0,1,0,0,0,1,0,0
38,"('ENO', 'FUM')",14.610852713178298,0,0,0,1,0,0,0,0,1,0
39,"('ENO', 'MDH')",14.687562189054724,0,0,0,1,0,0,0,0,0,1
40,"('TPI', 'ACONTb')",15.743859649122902,0,0,0,0,1,1,0,0,0,0
41,"('TPI', 'ACONTa')",15.743859649122902,0,0,0,0,1,0,1,0,0,0
42,"('TPI', 'CS')",15.743859649122902,0,0,0,0,1,0,0,1,0,0
43,"('TPI', 'FUM')",16.044961240310148,0,0,0,0,1,0,0,0,1,0
44,"('TPI', 'MDH')",16.087096774193547,0,0,0,0,1,0,0,0,0,1
45,"('ACONTb', 'ACONTa')",16.681632653061303,0,0,0,0,0,1,1,0,0,0
46,"('ACONTb', 'CS')",16.681632653061314,0,0,0,0,0,1,0,1,0,0
47,"('ACONTb', 'FUM')",16.681632653061314,0,0,0,0,0,1,0,0,1,0
48,"('ACONTb', 'MDH')",16.681632653061314,0,0,0,0,0,1,0,0,0,1
49,"('ACONTa', 'CS')",16.68163265306131,0,0,0,0,0,0,1,1,0,0
50,"('ACONTa', 'FUM')",16.68163265306131,0,0,0,0,0,0,1,0,1,0
51,"('ACONTa', 'MDH')",16.68163265306131,0,0,0,0,0,0,1,0,0,1
52,"('CS', 'FUM')",16.681632653061314,0,0,0,0,0,0,0,1,1,0
53,"('CS', 'MDH')",16.681632653061314,0,0,0,0,0,0,0,1,0,1
54,"('FUM', 'MDH')",16.763025210083974,0,0,0,0,0,0,0,0,1,1
55,"('GAPD', 'PGK', 'PGM')",14.151612903225784,1,1,1,0,0,0,0,0,0,0
56,"('GAPD', 'PGK', 'ENO')",14.151612903225784,1,1,0,1,0,0,0,0,0,0
57,"('GAPD', 'PGK', 'TPI')",1.2649350649350655,1,1,0,0,1,0,0,0,0,0
58,"('GAPD', 'PGK', 'ACONTb')",13.638596491228059,1,1,0,0,0,1,0,0,0,0
59,"('GAPD', 'PGK', 'ACONTa')",13.638596491228057,1,1,0,0,0,0,1,0,0,0
60,"('GAPD', 'PGK', 'CS')",13.638596491228057,1,1,0,0,0,0,0,1,0,0
61,"('GAPD', 'PGK', 'FUM')",14.151612903225804,1,1,0,0,0,0,0,0,1,0
62,"('GAPD', 'PGK', 'MDH')",14.151612903225836,1,1,0,0,0,0,0,0,0,1
63,"('GAPD', 'PGM', 'ENO')",14.151612903225836,1,0,1,1,0,0,0,0,0,0
64,"('GAPD', 'PGM', 'TPI')",1.264935064935065,1,0,1,0,1,0,0,0,0,0
65,"('GAPD', 'PGM', 'ACONTb')",13.638596491228045,1,0,1,0,0,1,0,0,0,0
66,"('GAPD', 'PGM', 'ACONTa')",13.638596491228045,1,0,1,0,0,0,1,0,0,0
67,"('GAPD', 'PGM', 'CS')",13.638596491228045,1,0,1,0,0,0,0,1,0,0
68,"('GAPD', 'PGM', 'FUM')",14.151612903225782,1,0,1,0,0,0,0,0,1,0
69,"('GAPD', 'PGM', 'MDH')",14.151612903225796,1,0,1,0,0,0,0,0,0,1
70,"('GAPD', 'ENO', 'TPI')",1.2649350649350601,1,0,0,1,1,0,0,0,0,0
71,"('GAPD', 'ENO', 'ACONTb')",13.638596491228078,1,0,0,1,0,1,0,0,0,0
72,"('GAPD', 'ENO', 'ACONTa')",13.638596491228078,1,0,0,1,0,0,1,0,0,0
73,"('GAPD', 'ENO', 'CS')",13.638596491228078,1,0,0,1,0,0,0,1,0,0
74,"('GAPD', 'ENO', 'FUM')",14.151612903225807,1,0,0,1,0,0,0,0,1,0
75,"('GAPD', 'ENO', 'MDH')",14.151612903225807,1,0,0,1,0,0,0,0,0,1
76,"('GAPD', 'TPI', 'ACONTb')",1.2649350649350777,1,0,0,0,1,1,0,0,0,0
77,"('GAPD', 'TPI', 'ACONTa')",1.2649350649350772,1,0,0,0,1,0,1,0,0,0
78,"('GAPD', 'TPI', 'CS')",1.2649350649350772,1,0,0,0,1,0,0,1,0,0
79,"('GAPD', 'TPI', 'FUM')",1.2649350649350772,1,0,0,0,1,0,0,0,1,0
80,"('GAPD', 'TPI', 'MDH')",1.2649350649350772,1,0,0,0,1,0,0,0,0,1
81,"('GAPD', 'ACONTb', 'ACONTa')",13.638596491228103,1,0,0,0,0,1,1,0,0,0
82,"('GAPD', 'ACONTb', 'CS')",13.638596491228103,1,0,0,0,0,1,0,1,0,0
83,"('GAPD', 'ACONTb', 'FUM')",13.638596491228103,1,0,0,0,0,1,0,0,1,0
84,"('GAPD', 'ACONTb', 'MDH')",13.638596491228103,1,0,0,0,0,1,0,0,0,1
85,"('GAPD', 'ACONTa', 'CS')",13.638596491228103,1,0,0,0,0,0,1,1,0,0
86,"('GAPD', 'ACONTa', 'FUM')",13.638596491228103,1,0,0,0,0,0,1,0,1,0
87,"('GAPD', 'ACONTa', 'MDH')",13.638596491228103,1,0,0,0,0,0,1,0,0,1
88,"('GAPD', 'CS', 'FUM')",13.638596491228103,1,0,0,0,0,0,0,1,1,0
89,"('GAPD', 'CS', 'MDH')",13.638596491228103,1,0,0,0,0,0,0,1,0,1
90,"('GAPD', 'FUM', 'MDH')",13.854237288135629,1,0,0,0,0,0,0,0,1,1
91,"('PGK', 'PGM', 'ENO')",14.151612903225837,0,1,1,1,0,0,0,0,0,0
92,"('PGK', 'PGM', 'TPI')",1.264935064935066,0,1,1,0,1,0,0,0,0,0
93,"('PGK', 'PGM', 'ACONTb')",13.63859649122802,0,1,1,0,0,1,0,0,0,0
94,"('PGK', 'PGM', 'ACONTa')",13.63859649122801,0,1,1,0,0,0,1,0,0,0
95,"('PGK', 'PGM', 'CS')",13.63859649122801,0,1,1,0,0,0,0,1,0,0
96,"('PGK', 'PGM', 'FUM')",14.151612903225779,0,1,1,0,0,0,0,0,1,0
97,"('PGK', 'PGM', 'MDH')",14.15161290322581,0,1,1,0,0,0,0,0,0,1
98,"('PGK', 'ENO', 'TPI')",1.264935064935066,0,1,0,1,1,0,0,0,0,0
99,"('PGK', 'ENO', 'ACONTb')",13.63859649122795,0,1,0,1,0,1,0,0,0,0
100,"('PGK', 'ENO', 'ACONTa')",13.638596491227952,0,1,0,1,0,0,1,0,0,0
101,"('PGK', 'ENO', 'CS')",13.638596491227952,0,1,0,1,0,0,0,1,0,0
102,"('PGK', 'ENO', 'FUM')",14.151612903225706,0,1,0,1,0,0,0,0,1,0
103,"('PGK', 'ENO', 'MDH')",14.151612903225704,0,1,0,1,0,0,0,0,0,1
104,"('PGK', 'TPI', 'ACONTb')",1.2649350649350604,0,1,0,0,1,1,0,0,0,0
105,"('PGK', 'TPI', 'ACONTa')",1.2649350649350617,0,1,0,0,1,0,1,0,0,0
106,"('PGK', 'TPI', 'CS')",1.2649350649350617,0,1,0,0,1,0,0,1,0,0
107,"('PGK', 'TPI', 'FUM')",1.2649350649350617,0,1,0,0,1,0,0,0,1,0
108,"('PGK', 'TPI', 'MDH')",1.2649350649350617,0,1,0,0,1,0,0,0,0,1
109,"('PGK', 'ACONTb', 'ACONTa')",13.63859649122808,0,1,0,0,0,1,1,0,0,0
110,"('PGK', 'ACONTb', 'CS')",13.63859649122808,0,1,0,0,0,1,0,1,0,0
111,"('PGK', 'ACONTb', 'FUM')",13.63859649122808,0,1,0,0,0,1,0,0,1,0
112,"('PGK', 'ACONTb', 'MDH')",13.63859649122808,0,1,0,0,0,1,0,0,0,1
113,"('PGK', 'ACONTa', 'CS')",13.63859649122808,0,1,0,0,0,0,1,1,0,0
114,"('PGK', 'ACONTa', 'FUM')",13.63859649122808,0,1,0,0,0,0,1,0,1,0
115,"('PGK', 'ACONTa', 'MDH')",13.63859649122808,0,1,0,0,0,0,1,0,0,1
116,"('PGK', 'CS', 'FUM')",13.63859649122808,0,1,0,0,0,0,0,1,1,0
117,"('PGK', 'CS', 'MDH')",13.63859649122808,0,1,0,0,0,0,0,1,0,1
118,"('PGK', 'FUM', 'MDH')",13.854237288135586,0,1,0,0,0,0,0,0,1,1
119,"('PGM', 'ENO', 'TPI')",14.796774193548401,0,0,1,1,1,0,0,0,0,0
120,"('PGM', 'ENO', 'ACONTb')",14.340350877193,0,0,1,1,0,1,0,0,0,0
121,"('PGM', 'ENO', 'ACONTa')",14.340350877193,0,0,1,1,0,0,1,0,0,0
122,"('PGM', 'ENO', 'CS')",14.340350877193,0,0,1,1,0,0,0,1,0,0
123,"('PGM', 'ENO', 'FUM')",14.610852713178343,0,0,1,1,0,0,0,0,1,0
124,"('PGM', 'ENO', 'MDH')",14.68756218905479,0,0,1,1,0,0,0,0,0,1
125,"('PGM', 'TPI', 'ACONTb')",14.340350877193007,0,0,1,0,1,1,0,0,0,0
126,"('PGM', 'TPI', 'ACONTa')",14.340350877193007,0,0,1,0,1,0,1,0,0,0
127,"('PGM', 'TPI', 'CS')",14.340350877193007,0,0,1,0,1,0,0,1,0,0
128,"('PGM', 'TPI', 'FUM')",14.610852713178284,0,0,1,0,1,0,0,0,1,0
129,"('PGM', 'TPI', 'MDH')",14.687562189054713,0,0,1,0,1,0,0,0,0,1
130,"('PGM', 'ACONTb', 'ACONTa')",14.340350877192979,0,0,1,0,0,1,1,0,0,0
131,"('PGM', 'ACONTb', 'CS')",14.340350877192979,0,0,1,0,0,1,0,1,0,0
132,"('PGM', 'ACONTb', 'FUM')",14.340350877192972,0,0,1,0,0,1,0,0,1,0
133,"('PGM', 'ACONTb', 'MDH')",14.340350877192972,0,0,1,0,0,1,0,0,0,1
134,"('PGM', 'ACONTa', 'CS')",14.340350877192972,0,0,1,0,0,0,1,1,0,0
135,"('PGM', 'ACONTa', 'FUM')",14.340350877192972,0,0,1,0,0,0,1,0,1,0
136,"('PGM', 'ACONTa', 'MDH')",14.340350877192972,0,0,1,0,0,0,1,0,0,1
137,"('PGM', 'CS', 'FUM')",14.340350877192972,0,0,1,0,0,0,0,1,1,0
138,"('PGM', 'CS', 'MDH')",14.340350877192972,0,0,1,0,0,0,0,1,0,1
139,"('PGM', 'FUM', 'MDH')",14.456666666666653,0,0,1,0,0,0,0,0,1,1
140,"('ENO', 'TPI', 'ACONTb')",14.340350877192984,0,0,0,1,1,1,0,0,0,0
141,"('ENO', 'TPI', 'ACONTa')",14.340350877192984,0,0,0,1,1,0,1,0,0,0
142,"('ENO', 'TPI', 'CS')",14.340350877192984,0,0,0,1,1,0,0,1,0,0
143,"('ENO', 'TPI', 'FUM')",14.610852713178296,0,0,0,1,1,0,0,0,1,0
144,"('ENO', 'TPI', 'MDH')",14.687562189054722,0,0,0,1,1,0,0,0,0,1
145,"('ENO', 'ACONTb', 'ACONTa')",14.340350877192979,0,0,0,1,0,1,1,0,0,0
146,"('ENO', 'ACONTb', 'CS')",14.340350877192979,0,0,0,1,0,1,0,1,0,0
147,"('ENO', 'ACONTb', 'FUM')",14.340350877192979,0,0,0,1,0,1,0,0,1,0
148,"('ENO', 'ACONTb', 'MDH')",14.340350877192979,0,0,0,1,0,1,0,0,0,1
149,"('ENO', 'ACONTa', 'CS')",14.340350877192986,0,0,0,1,0,0,1,1,0,0
150,"('ENO', 'ACONTa', 'FUM')",14.340350877192986,0,0,0,1,0,0,1,0,1,0
151,"('ENO', 'ACONTa', 'MDH')",14.340350877192986,0,0,0,1,0,0,1,0,0,1
152,"('ENO', 'CS', 'FUM')",14.340350877192986,0,0,0,1,0,0,0,1,1,0
153,"('ENO', 'CS', 'MDH')",14.340350877192986,0,0,0,1,0,0,0,1,0,1
154,"('ENO', 'FUM', 'MDH')",14.456666666666665,0,0,0,1,0,0,0,0,1,1
155,"('TPI', 'ACONTb', 'ACONTa')",15.74385964912281,0,0,0,0,1,1,1,0,0,0
156,"('TPI', 'ACONTb', 'CS')",15.74385964912281,0,0,0,0,1,1,0,1,0,0
157,"('TPI', 'ACONTb', 'FUM')",15.74385964912281,0,0,0,0,1,1,0,0,1,0
158,"('TPI', 'ACONTb', 'MDH')",15.74385964912281,0,0,0,0,1,1,0,0,0,1
159,"('TPI', 'ACONTa', 'CS')",15.743859649122811,0,0,0,0,1,0,1,1,0,0
160,"('TPI', 'ACONTa', 'FUM')",15.74385964912281,0,0,0,0,1,0,1,0,1,0
161,"('TPI', 'ACONTa', 'MDH')",15.74385964912281,0,0,0,0,1,0,1,0,0,1
162,"('TPI', 'CS', 'FUM')",15.74385964912281,0,0,0,0,1,0,0,1,1,0
163,"('TPI', 'CS', 'MDH')",15.74385964912281,0,0,0,0,1,0,0,1,0,1
164,"('TPI', 'FUM', 'MDH')",15.873333333333335,0,0,0,0,1,0,0,0,1,1
165,"('ACONTb', 'ACONTa', 'CS')",16.68163265306122,0,0,0,0,0,1,1,1,0,0
166,"('ACONTb', 'ACONTa', 'FUM')",16.68163265306122,0,0,0,0,0,1,1,0,1,0
167,"('ACONTb', 'ACONTa', 'MDH')",16.68163265306122,0,0,0,0,0,1,1,0,0,1
168,"('ACONTb', 'CS', 'FUM')",16.68163265306122,0,0,0,0,0,1,0,1,1,0
169,"('ACONTb', 'CS', 'MDH')",16.68163265306122,0,0,0,0,0,1,0,1,0,1
170,"('ACONTb', 'FUM', 'MDH')",16.68163265306122,0,0,0,0,0,1,0,0,1,1
171,"('ACONTa', 'CS', 'FUM')",16.681632653061214,0,0,0,0,0,0,1,1,1,0
172,"('ACONTa', 'CS', 'MDH')",16.681632653061214,0,0,0,0,0,0,1,1,0,1
173,"('ACONTa', 'FUM', 'MDH')",16.681632653061214,0,0,0,0,0,0,1,0,1,1
174,"('CS', 'FUM', 'MDH')",16.681632653061214,0,0,0,0,0,0,0,1,1,1
175,"('GAPD', 'PGK', 'PGM', 'ENO')",14.151612903225768,1,1,1,1,0,0,0,0,0,0
176,"('GAPD', 'PGK', 'PGM', 'TPI')",1.2649350649350481,1,1,1,0,1,0,0,0,0,0
177,"('GAPD', 'PGK', 'PGM', 'ACONTb')",13.638596491228096,1,1,1,0,0,1,0,0,0,0
178,"('GAPD', 'PGK', 'PGM', 'ACONTa')",13.638596491228096,1,1,1,0,0,0,1,0,0,0
179,"('GAPD', 'PGK', 'PGM', 'CS')",13.638596491228094,1,1,1,0,0,0,0,1,0,0
180,"('GAPD', 'PGK', 'PGM', 'FUM')",14.151612903225786,1,1,1,0,0,0,0,0,1,0
181,"('GAPD', 'PGK', 'PGM', 'MDH')",14.151612903225798,1,1,1,0,0,0,0,0,0,1
182,"('GAPD', 'PGK', 'ENO', 'TPI')",1.2649350649350684,1,1,0,1,1,0,0,0,0,0
183,"('GAPD', 'PGK', 'ENO', 'ACONTb')",13.638596491228075,1,1,0,1,0,1,0,0,0,0
184,"('GAPD', 'PGK', 'ENO', 'ACONTa')",13.638596491228075,1,1,0,1,0,0,1,0,0,0
185,"('GAPD', 'PGK', 'ENO', 'CS')",13.638596491228075,1,1,0,1,0,0,0,1,0,0
186,"('GAPD', 'PGK', 'ENO', 'FUM')",14.15161290322585,1,1,0,1,0,0,0,0,1,0
187,"('GAPD', 'PGK', 'ENO', 'MDH')",14.151612903225807,1,1,0,1,0,0,0,0,0,1
188,"('GAPD', 'PGK', 'TPI', 'ACONTb')",1.264935064935063,1,1,0,0,1,1,0,0,0,0
189,"('GAPD', 'PGK', 'TPI', 'ACONTa')",1.264935064935063,1,1,0,0,1,0,1,0,0,0
190,"('GAPD', 'PGK', 'TPI', 'CS')",1.2649350649350637,1,1,0,0,1,0,0,1,0,0
191,"('GAPD', 'PGK', 'TPI', 'FUM')",1.2649350649350637,1,1,0,0,1,0,0,0,1,0
192,"('GAPD', 'PGK', 'TPI', 'MDH')",1.2649350649350637,1,1,0,0,1,0,0,0,0,1
193,"('GAPD', 'PGK', 'ACONTb', 'ACONTa')",13.638596491228071,1,1,0,0,0,1,1,0,0,0
194,"('GAPD', 'PGK', 'ACONTb', 'CS')",13.638596491228071,1,1,0,0,0,1,0,1,0,0
195,"('GAPD', 'PGK', 'ACONTb', 'FUM')",13.638596491228071,1,1,0,0,0,1,0,0,1,0
196,"('GAPD', 'PGK', 'ACONTb', 'MDH')",13.638596491228071,1,1,0,0,0,1,0,0,0,1
197,"('GAPD', 'PGK', 'ACONTa', 'CS')",13.63859649122807,1,1,0,0,0,0,1,1,0,0
198,"('GAPD', 'PGK', 'ACONTa', 'FUM')",13.63859649122807,1,1,0,0,0,0,1,0,1,0
199,"('GAPD', 'PGK', 'ACONTa', 'MDH')",13.63859649122807,1,1,0,0,0,0,1,0,0,1
200,"('GAPD', 'PGK', 'CS', 'FUM')",13.63859649122807,1,1,0,0,0,0,0,1,1,0
201,"('GAPD', 'PGK', 'CS', 'MDH')",13.63859649122807,1,1,0,0,0,0,0,1,0,1
202,"('GAPD', 'PGK', 'FUM', 'MDH')",13.854237288135586,1,1,0,0,0,0,0,0,1,1
203,"('GAPD', 'PGM', 'ENO', 'TPI')",1.264935064935061,1,0,1,1,1,0,0,0,0,0
204,"('GAPD', 'PGM', 'ENO', 'ACONTb')",13.638596491228054,1,0,1,1,0,1,0,0,0,0
205,"('GAPD', 'PGM', 'ENO', 'ACONTa')",13.638596491228054,1,0,1,1,0,0,1,0,0,0
206,"('GAPD', 'PGM', 'ENO', 'CS')",13.638596491228054,1,0,1,1,0,0,0,1,0,0
207,"('GAPD', 'PGM', 'ENO', 'FUM')",14.1516129032258,1,0,1,1,0,0,0,0,1,0
208,"('GAPD', 'PGM', 'ENO', 'MDH')",14.15161290322581,1,0,1,1,0,0,0,0,0,1
209,"('GAPD', 'PGM', 'TPI', 'ACONTb')",1.264935064935079,1,0,1,0,1,1,0,0,0,0
210,"('GAPD', 'PGM', 'TPI', 'ACONTa')",1.264935064935079,1,0,1,0,1,0,1,0,0,0
211,"('GAPD', 'PGM', 'TPI', 'CS')",1.264935064935079,1,0,1,0,1,0,0,1,0,0
212,"('GAPD', 'PGM', 'TPI', 'FUM')",1.264935064935079,1,0,1,0,1,0,0,0,1,0
213,"('GAPD', 'PGM', 'TPI', 'MDH')",1.264935064935079,1,0,1,0,1,0,0,0,0,1
214,"('GAPD', 'PGM', 'ACONTb', 'ACONTa')",13.638596491228057,1,0,1,0,0,1,1,0,0,0
215,"('GAPD', 'PGM', 'ACONTb', 'CS')",13.638596491228057,1,0,1,0,0,1,0,1,0,0
216,"('GAPD', 'PGM', 'ACONTb', 'FUM')",13.638596491228057,1,0,1,0,0,1,0,0,1,0
217,"('GAPD', 'PGM', 'ACONTb', 'MDH')",13.638596491228057,1,0,1,0,0,1,0,0,0,1
218,"('GAPD', 'PGM', 'ACONTa', 'CS')",13.638596491228057,1,0,1,0,0,0,1,1,0,0
219,"('GAPD', 'PGM', 'ACONTa', 'FUM')",13.638596491228057,1,0,1,0,0,0,1,0,1,0
220,"('GAPD', 'PGM', 'ACONTa', 'MDH')",13.638596491228057,1,0,1,0,0,0,1,0,0,1
221,"('GAPD', 'PGM', 'CS', 'FUM')",13.638596491228057,1,0,1,0,0,0,0,1,1,0
222,"('GAPD', 'PGM', 'CS', 'MDH')",13.638596491228057,1,0,1,0,0,0,0,1,0,1
223,"('GAPD', 'PGM', 'FUM', 'MDH')",13.854237288135533,1,0,1,0,0,0,0,0,1,1
224,"('GAPD', 'ENO', 'TPI', 'ACONTb')",1.2649350649350772,1,0,0,1,1,1,0,0,0,0
225,"('GAPD', 'ENO', 'TPI', 'ACONTa')",1.2649350649350772,1,0,0,1,1,0,1,0,0,0
226,"('GAPD', 'ENO', 'TPI', 'CS')",1.2649350649350772,1,0,0,1,1,0,0,1,0,0
227,"('GAPD', 'ENO', 'TPI', 'FUM')",1.2649350649350772,1,0,0,1,1,0,0,0,1,0
228,"('GAPD', 'ENO', 'TPI', 'MDH')",1.2649350649350772,1,0,0,1,1,0,0,0,0,1
229,"('GAPD', 'ENO', 'ACONTb', 'ACONTa')",13.63859649122805,1,0,0,1,0,1,1,0,0,0
230,"('GAPD', 'ENO', 'ACONTb', 'CS')",13.63859649122805,1,0,0,1,0,1,0,1,0,0
231,"('GAPD', 'ENO', 'ACONTb', 'FUM')",13.63859649122805,1,0,0,1,0,1,0,0,1,0
232,"('GAPD', 'ENO', 'ACONTb', 'MDH')",13.63859649122805,1,0,0,1,0,1,0,0,0,1
233,"('GAPD', 'ENO', 'ACONTa', 'CS')",13.638596491228055,1,0,0,1,0,0,1,1,0,0
234,"('GAPD', 'ENO', 'ACONTa', 'FUM')",13.638596491228055,1,0,0,1,0,0,1,0,1,0
235,"('GAPD', 'ENO', 'ACONTa', 'MDH')",13.638596491228055,1,0,0,1,0,0,1,0,0,1
236,"('GAPD', 'ENO', 'CS', 'FUM')",13.63859649122805,1,0,0,1,0,0,0,1,1,0
237,"('GAPD', 'ENO', 'CS', 'MDH')",13.63859649122805,1,0,0,1,0,0,0,1,0,1
238,"('GAPD', 'ENO', 'FUM', 'MDH')",13.85423728813558,1,0,0,1,0,0,0,0,1,1
239,"('GAPD', 'TPI', 'ACONTb', 'ACONTa')",1.2649350649350712,1,0,0,0,1,1,1,0,0,0
240,"('GAPD', 'TPI', 'ACONTb', 'CS')",1.2649350649350712,1,0,0,0,1,1,0,1,0,0
241,"('GAPD', 'TPI', 'ACONTb', 'FUM')",1.2649350649350712,1,0,0,0,1,1,0,0,1,0
242,"('GAPD', 'TPI', 'ACONTb', 'MDH')",1.2649350649350712,1,0,0,0,1,1,0,0,0,1
243,"('GAPD', 'TPI', 'ACONTa', 'CS')",1.2649350649350712,1,0,0,0,1,0,1,1,0,0
244,"('GAPD', 'TPI', 'ACONTa', 'FUM')",1.2649350649350712,1,0,0,0,1,0,1,0,1,0
245,"('GAPD', 'TPI', 'ACONTa', 'MDH')",1.2649350649350712,1,0,0,0,1,0,1,0,0,1
246,"('GAPD', 'TPI', 'CS', 'FUM')",1.2649350649350712,1,0,0,0,1,0,0,1,1,0
247,"('GAPD', 'TPI', 'CS', 'MDH')",1.2649350649350712,1,0,0,0,1,0,0,1,0,1
248,"('GAPD', 'TPI', 'FUM', 'MDH')",1.2649350649350712,1,0,0,0,1,0,0,0,1,1
249,"('GAPD', 'ACONTb', 'ACONTa', 'CS')",13.638596491228064,1,0,0,0,0,1,1,1,0,0
250,"('GAPD', 'ACONTb', 'ACONTa', 'FUM')",13.638596491228064,1,0,0,0,0,1,1,0,1,0
251,"('GAPD', 'ACONTb', 'ACONTa', 'MDH')",13.638596491228064,1,0,0,0,0,1,1,0,0,1
252,"('GAPD', 'ACONTb', 'CS', 'FUM')",13.638596491228064,1,0,0,0,0,1,0,1,1,0
253,"('GAPD', 'ACONTb', 'CS', 'MDH')",13.638596491228064,1,0,0,0,0,1,0,1,0,1
254,"('GAPD', 'ACONTb', 'FUM', 'MDH')",13.63859649122806,1,0,0,0,0,1,0,0,1,1
255,"('GAPD', 'ACONTa', 'CS', 'FUM')",13.638596491228062,1,0,0,0,0,0,1,1,1,0
256,"('GAPD', 'ACONTa', 'CS', 'MDH')",13.638596491228062,1,0,0,0,0,0,1,1,0,1
257,"('GAPD', 'ACONTa', 'FUM', 'MDH')",13.638596491228062,1,0,0,0,0,0,1,0,1,1
258,"('GAPD', 'CS', 'FUM', 'MDH')",13.63859649122806,1,0,0,0,0,0,0,1,1,1
259,"('PGK', 'PGM', 'ENO', 'TPI')",1.2649350649350561,0,1,1,1,1,0,0,0,0,0
260,"('PGK', 'PGM', 'ENO', 'ACONTb')",13.638596491228057,0,1,1,1,0,1,0,0,0,0
261,"('PGK', 'PGM', 'ENO', 'ACONTa')",13.638596491228059,0,1,1,1,0,0,1,0,0,0
262,"('PGK', 'PGM', 'ENO', 'CS')",13.638596491228059,0,1,1,1,0,0,0,1,0,0
263,"('PGK', 'PGM', 'ENO', 'FUM')",14.15161290322579,0,1,1,1,0,0,0,0,1,0
264,"('PGK', 'PGM', 'ENO', 'MDH')",14.151612903225812,0,1,1,1,0,0,0,0,0,1
265,"('PGK', 'PGM', 'TPI', 'ACONTb')",1.2649350649350641,0,1,1,0,1,1,0,0,0,0
266,"('PGK', 'PGM', 'TPI', 'ACONTa')",1.2649350649350641,0,1,1,0,1,0,1,0,0,0
267,"('PGK', 'PGM', 'TPI', 'CS')",1.2649350649350641,0,1,1,0,1,0,0,1,0,0
268,"('PGK', 'PGM', 'TPI', 'FUM')",1.2649350649350641,0,1,1,0,1,0,0,0,1,0
269,"('PGK', 'PGM', 'TPI', 'MDH')",1.2649350649350641,0,1,1,0,1,0,0,0,0,1
270,"('PGK', 'PGM', 'ACONTb', 'ACONTa')",13.638596491228062,0,1,1,0,0,1,1,0,0,0
271,"('PGK', 'PGM', 'ACONTb', 'CS')",13.638596491228062,0,1,1,0,0,1,0,1,0,0
272,"('PGK', 'PGM', 'ACONTb', 'FUM')",13.638596491228062,0,1,1,0,0,1,0,0,1,0
273,"('PGK', 'PGM', 'ACONTb', 'MDH')",13.638596491228062,0,1,1,0,0,1,0,0,0,1
274,"('PGK', 'PGM', 'ACONTa', 'CS')",13.638596491228062,0,1,1,0,0,0,1,1,0,0
275,"('PGK', 'PGM', 'ACONTa', 'FUM')",13.638596491228062,0,1,1,0,0,0,1,0,1,0
276,"('PGK', 'PGM', 'ACONTa', 'MDH')",13.638596491228062,0,1,1,0,0,0,1,0,0,1
277,"('PGK', 'PGM', 'CS', 'FUM')",13.638596491228062,0,1,1,0,0,0,0,1,1,0
278,"('PGK', 'PGM', 'CS', 'MDH')",13.638596491228062,0,1,1,0,0,0,0,1,0,1
279,"('PGK', 'PGM', 'FUM', 'MDH')",13.854237288135588,0,1,1,0,0,0,0,0,1,1
280,"('PGK', 'ENO', 'TPI', 'ACONTb')",1.2649350649350688,0,1,0,1,1,1,0,0,0,0
281,"('PGK', 'ENO', 'TPI', 'ACONTa')",1.2649350649350688,0,1,0,1,1,0,1,0,0,0
282,"('PGK', 'ENO', 'TPI', 'CS')",1.2649350649350688,0,1,0,1,1,0,0,1,0,0
283,"('PGK', 'ENO', 'TPI', 'FUM')",1.2649350649350688,0,1,0,1,1,0,0,0,1,0
284,"('PGK', 'ENO', 'TPI', 'MDH')",1.2649350649350688,0,1,0,1,1,0,0,0,0,1
285,"('PGK', 'ENO', 'ACONTb', 'ACONTa')",13.638596491228112,0,1,0,1,0,1,1,0,0,0
286,"('PGK', 'ENO', 'ACONTb', 'CS')",13.638596491228112,0,1,0,1,0,1,0,1,0,0
287,"('PGK', 'ENO', 'ACONTb', 'FUM')",13.638596491228112,0,1,0,1,0,1,0,0,1,0
288,"('PGK', 'ENO', 'ACONTb', 'MDH')",13.638596491228112,0,1,0,1,0,1,0,0,0,1
289,"('PGK', 'ENO', 'ACONTa', 'CS')",13.638596491228112,0,1,0,1,0,0,1,1,0,0
290,"('PGK', 'ENO', 'ACONTa', 'FUM')",13.638596491228112,0,1,0,1,0,0,1,0,1,0
291,"('PGK', 'ENO', 'ACONTa', 'MDH')",13.638596491228112,0,1,0,1,0,0,1,0,0,1
292,"('PGK', 'ENO', 'CS', 'FUM')",13.638596491228112,0,1,0,1,0,0,0,1,1,0
293,"('PGK', 'ENO', 'CS', 'MDH')",13.638596491228112,0,1,0,1,0,0,0,1,0,1
294,"('PGK', 'ENO', 'FUM', 'MDH')",13.854237288135618,0,1,0,1,0,0,0,0,1,1
295,"('PGK', 'TPI', 'ACONTb', 'ACONTa')",1.2649350649350766,0,1,0,0,1,1,1,0,0,0
296,"('PGK', 'TPI', 'ACONTb', 'CS')",1.2649350649350766,0,1,0,0,1,1,0,1,0,0
297,"('PGK', 'TPI', 'ACONTb', 'FUM')",1.2649350649350766,0,1,0,0,1,1,0,0,1,0
298,"('PGK', 'TPI', 'ACONTb', 'MDH')",1.2649350649350766,0,1,0,0,1,1,0,0,0,1
299,"('PGK', 'TPI', 'ACONTa', 'CS')",1.2649350649350766,0,1,0,0,1,0,1,1,0,0
300,"('PGK', 'TPI', 'ACONTa', 'FUM')",1.2649350649350766,0,1,0,0,1,0,1,0,1,0
301,"('PGK', 'TPI', 'ACONTa', 'MDH')",1.2649350649350766,0,1,0,0,1,0,1,0,0,1
302,"('PGK', 'TPI', 'CS', 'FUM')",1.2649350649350772,0,1,0,0,1,0,0,1,1,0
303,"('PGK', 'TPI', 'CS', 'MDH')",1.2649350649350772,0,1,0,0,1,0,0,1,0,1
304,"('PGK', 'TPI', 'FUM', 'MDH')",1.2649350649350772,0,1,0,0,1,0,0,0,1,1
305,"('PGK', 'ACONTb', 'ACONTa', 'CS')",13.638596491228084,0,1,0,0,0,1,1,1,0,0
306,"('PGK', 'ACONTb', 'ACONTa', 'FUM')",13.638596491228084,0,1,0,0,0,1,1,0,1,0
307,"('PGK', 'ACONTb', 'ACONTa', 'MDH')",13.638596491228084,0,1,0,0,0,1,1,0,0,1
308,"('PGK', 'ACONTb', 'CS', 'FUM')",13.638596491228084,0,1,0,0,0,1,0,1,1,0
309,"('PGK', 'ACONTb', 'CS', 'MDH')",13.638596491228084,0,1,0,0,0,1,0,1,0,1
310,"('PGK', 'ACONTb', 'FUM', 'MDH')",13.638596491228084,0,1,0,0,0,1,0,0,1,1
311,"('PGK', 'ACONTa', 'CS', 'FUM')",13.638596491228084,0,1,0,0,0,0,1,1,1,0
312,"('PGK', 'ACONTa', 'CS', 'MDH')",13.638596491228084,0,1,0,0,0,0,1,1,0,1
313,"('PGK', 'ACONTa', 'FUM', 'MDH')",13.638596491228084,0,1,0,0,0,0,1,0,1,1
314,"('PGK', 'CS', 'FUM', 'MDH')",13.638596491228084,0,1,0,0,0,0,0,1,1,1
315,"('PGM', 'ENO', 'TPI', 'ACONTb')",14.340350877192963,0,0,1,1,1,1,0,0,0,0
316,"('PGM', 'ENO', 'TPI', 'ACONTa')",14.340350877192968,0,0,1,1,1,0,1,0,0,0
317,"('PGM', 'ENO', 'TPI', 'CS')",14.340350877192963,0,0,1,1,1,0,0,1,0,0
318,"('PGM', 'ENO', 'TPI', 'FUM')",14.610852713178272,0,0,1,1,1,0,0,0,1,0
319,"('PGM', 'ENO', 'TPI', 'MDH')",14.687562189054725,0,0,1,1,1,0,0,0,0,1
320,"('PGM', 'ENO', 'ACONTb', 'ACONTa')",14.340350877193055,0,0,1,1,0,1,1,0,0,0
321,"('PGM', 'ENO', 'ACONTb', 'CS')",14.340350877193055,0,0,1,1,0,1,0,1,0,0
322,"('PGM', 'ENO', 'ACONTb', 'FUM')",14.340350877193055,0,0,1,1,0,1,0,0,1,0
323,"('PGM', 'ENO', 'ACONTb', 'MDH')",14.340350877193055,0,0,1,1,0,1,0,0,0,1
324,"('PGM', 'ENO', 'ACONTa', 'CS')",14.340350877193055,0,0,1,1,0,0,1,1,0,0
325,"('PGM', 'ENO', 'ACONTa', 'FUM')",14.340350877193055,0,0,1,1,0,0,1,0,1,0
326,"('PGM', 'ENO', 'ACONTa', 'MDH')",14.340350877193055,0,0,1,1,0,0,1,0,0,1
327,"('PGM', 'ENO', 'CS', 'FUM')",14.340350877193055,0,0,1,1,0,0,0,1,1,0
328,"('PGM', 'ENO', 'CS', 'MDH')",14.340350877193055,0,0,1,1,0,0,0,1,0,1
329,"('PGM', 'ENO', 'FUM', 'MDH')",14.456666666666727,0,0,1,1,0,0,0,0,1,1
330,"('PGM', 'TPI', 'ACONTb', 'ACONTa')",14.34035087719299,0,0,1,0,1,1,1,0,0,0
331,"('PGM', 'TPI', 'ACONTb', 'CS')",14.34035087719299,0,0,1,0,1,1,0,1,0,0
332,"('PGM', 'TPI', 'ACONTb', 'FUM')",14.34035087719299,0,0,1,0,1,1,0,0,1,0
333,"('PGM', 'TPI', 'ACONTb', 'MDH')",14.34035087719299,0,0,1,0,1,1,0,0,0,1
334,"('PGM', 'TPI', 'ACONTa', 'CS')",14.34035087719299,0,0,1,0,1,0,1,1,0,0
335,"('PGM', 'TPI', 'ACONTa', 'FUM')",14.34035087719299,0,0,1,0,1,0,1,0,1,0
336,"('PGM', 'TPI', 'ACONTa', 'MDH')",14.34035087719299,0,0,1,0,1,0,1,0,0,1
337,"('PGM', 'TPI', 'CS', 'FUM')",14.34035087719299,0,0,1,0,1,0,0,1,1,0
338,"('PGM', 'TPI', 'CS', 'MDH')",14.34035087719299,0,0,1,0,1,0,0,1,0,1
339,"('PGM', 'TPI', 'FUM', 'MDH')",14.456666666666676,0,0,1,0,1,0,0,0,1,1
340,"('PGM', 'ACONTb', 'ACONTa', 'CS')",14.340350877192982,0,0,1,0,0,1,1,1,0,0
341,"('PGM', 'ACONTb', 'ACONTa', 'FUM')",14.340350877192982,0,0,1,0,0,1,1,0,1,0
342,"('PGM', 'ACONTb', 'ACONTa', 'MDH')",14.340350877192982,0,0,1,0,0,1,1,0,0,1
343,"('PGM', 'ACONTb', 'CS', 'FUM')",14.340350877192982,0,0,1,0,0,1,0,1,1,0
344,"('PGM', 'ACONTb', 'CS', 'MDH')",14.340350877192982,0,0,1,0,0,1,0,1,0,1
345,"('PGM', 'ACONTb', 'FUM', 'MDH')",14.340350877192982,0,0,1,0,0,1,0,0,1,1
346,"('PGM', 'ACONTa', 'CS', 'FUM')",14.340350877192991,0,0,1,0,0,0,1,1,1,0
347,"('PGM', 'ACONTa', 'CS', 'MDH')",14.340350877192991,0,0,1,0,0,0,1,1,0,1
348,"('PGM', 'ACONTa', 'FUM', 'MDH')",14.340350877192991,0,0,1,0,0,0,1,0,1,1
349,"('PGM', 'CS', 'FUM', 'MDH')",14.340350877192991,0,0,1,0,0,0,0,1,1,1
350,"('ENO', 'TPI', 'ACONTb', 'ACONTa')",14.340350877192993,0,0,0,1,1,1,1,0,0,0
351,"('ENO', 'TPI', 'ACONTb', 'CS')",14.340350877192993,0,0,0,1,1,1,0,1,0,0
352,"('ENO', 'TPI', 'ACONTb', 'FUM')",14.340350877192993,0,0,0,1,1,1,0,0,1,0
353,"('ENO', 'TPI', 'ACONTb', 'MDH')",14.340350877192993,0,0,0,1,1,1,0,0,0,1
354,"('ENO', 'TPI', 'ACONTa', 'CS')",14.340350877192993,0,0,0,1,1,0,1,1,0,0
355,"('ENO', 'TPI', 'ACONTa', 'FUM')",14.340350877192993,0,0,0,1,1,0,1,0,1,0
356,"('ENO', 'TPI', 'ACONTa', 'MDH')",14.340350877192993,0,0,0,1,1,0,1,0,0,1
357,"('ENO', 'TPI', 'CS', 'FUM')",14.340350877192993,0,0,0,1,1,0,0,1,1,0
358,"('ENO', 'TPI', 'CS', 'MDH')",14.340350877192993,0,0,0,1,1,0,0,1,0,1
359,"('ENO', 'TPI', 'FUM', 'MDH')",14.45666666666668,0,0,0,1,1,0,0,0,1,1
360,"('ENO', 'ACONTb', 'ACONTa', 'CS')",14.340350877192947,0,0,0,1,0,1,1,1,0,0
361,"('ENO', 'ACONTb', 'ACONTa', 'FUM')",14.34035087719295,0,0,0,1,0,1,1,0,1,0
362,"('ENO', 'ACONTb', 'ACONTa', 'MDH')",14.34035087719295,0,0,0,1,0,1,1,0,0,1
363,"('ENO', 'ACONTb', 'CS', 'FUM')",14.340350877192966,0,0,0,1,0,1,0,1,1,0
364,"('ENO', 'ACONTb', 'CS', 'MDH')",14.340350877192966,0,0,0,1,0,1,0,1,0,1
365,"('ENO', 'ACONTb', 'FUM', 'MDH')",14.340350877192966,0,0,0,1,0,1,0,0,1,1
366,"('ENO', 'ACONTa', 'CS', 'FUM')",14.340350877192966,0,0,0,1,0,0,1,1,1,0
367,"('ENO', 'ACONTa', 'CS', 'MDH')",14.340350877192966,0,0,0,1,0,0,1,1,0,1
368,"('ENO', 'ACONTa', 'FUM', 'MDH')",14.340350877192966,0,0,0,1,0,0,1,0,1,1
369,"('ENO', 'CS', 'FUM', 'MDH')",14.340350877192966,0,0,0,1,0,0,0,1,1,1
370,"('TPI', 'ACONTb', 'ACONTa', 'CS')",15.7438596491228,0,0,0,0,1,1,1,1,0,0
371,"('TPI', 'ACONTb', 'ACONTa', 'FUM')",15.743859649122804,0,0,0,0,1,1,1,0,1,0
372,"('TPI', 'ACONTb', 'ACONTa', 'MDH')",15.743859649122804,0,0,0,0,1,1,1,0,0,1
373,"('TPI', 'ACONTb', 'CS', 'FUM')",15.743859649122804,0,0,0,0,1,1,0,1,1,0
374,"('TPI', 'ACONTb', 'CS', 'MDH')",15.743859649122804,0,0,0,0,1,1,0,1,0,1
375,"('TPI', 'ACONTb', 'FUM', 'MDH')",15.743859649122804,0,0,0,0,1,1,0,0,1,1
376,"('TPI', 'ACONTa', 'CS', 'FUM')",15.743859649122804,0,0,0,0,1,0,1,1,1,0
377,"('TPI', 'ACONTa', 'CS', 'MDH')",15.743859649122804,0,0,0,0,1,0,1,1,0,1
378,"('TPI', 'ACONTa', 'FUM', 'MDH')",15.743859649122804,0,0,0,0,1,0,1,0,1,1
379,"('TPI', 'CS', 'FUM', 'MDH')",15.743859649122804,0,0,0,0,1,0,0,1,1,1
380,"('ACONTb', 'ACONTa', 'CS', 'FUM')",16.681632653061218,0,0,0,0,0,1,1,1,1,0
381,"('ACONTb', 'ACONTa', 'CS', 'MDH')",16.681632653061218,0,0,0,0,0,1,1,1,0,1
382,"('ACONTb', 'ACONTa', 'FUM', 'MDH')",16.681632653061218,0,0,0,0,0,1,1,0,1,1
383,"('ACONTb', 'CS', 'FUM', 'MDH')",16.681632653061218,0,0,0,0,0,1,0,1,1,1
384,"('ACONTa', 'CS', 'FUM', 'MDH')",16.681632653061218,0,0,0,0,0,0,1,1,1,1
385,"('GAPD', 'PGK', 'PGM', 'ENO', 'TPI')",1.2649350649350652,1,1,1,1,1,0,0,0,0,0
386,"('GAPD', 'PGK', 'PGM', 'ENO', 'ACONTb')",13.638596491228073,1,1,1,1,0,1,0,0,0,0
387,"('GAPD', 'PGK', 'PGM', 'ENO', 'ACONTa')",13.638596491228073,1,1,1,1,0,0,1,0,0,0
388,"('GAPD', 'PGK', 'PGM', 'ENO', 'CS')",13.638596491228073,1,1,1,1,0,0,0,1,0,0
389,"('GAPD', 'PGK', 'PGM', 'ENO', 'FUM')",14.15161290322581,1,1,1,1,0,0,0,0,1,0
390,"('GAPD', 'PGK', 'PGM', 'ENO', 'MDH')",14.151612903225804,1,1,1,1,0,0,0,0,0,1
391,"('GAPD', 'PGK', 'PGM', 'TPI', 'ACONTb')",1.26493506493507,1,1,1,0,1,1,0,0,0,0
392,"('GAPD', 'PGK', 'PGM', 'TPI', 'ACONTa')",1.26493506493507,1,1,1,0,1,0,1,0,0,0
393,"('GAPD', 'PGK', 'PGM', 'TPI', 'CS')",1.26493506493507,1,1,1,0,1,0,0,1,0,0
394,"('GAPD', 'PGK', 'PGM', 'TPI', 'FUM')",1.26493506493507,1,1,1,0,1,0,0,0,1,0
395,"('GAPD', 'PGK', 'PGM', 'TPI', 'MDH')",1.26493506493507,1,1,1,0,1,0,0,0,0,1
396,"('GAPD', 'PGK', 'PGM', 'ACONTb', 'ACONTa')",13.638596491228023,1,1,1,0,0,1,1,0,0,0
397,"('GAPD', 'PGK', 'PGM', 'ACONTb', 'CS')",13.638596491228029,1,1,1,0,0,1,0,1,0,0
398,"('GAPD', 'PGK', 'PGM', 'ACONTb', 'FUM')",13.638596491228029,1,1,1,0,0,1,0,0,1,0
399,"('GAPD', 'PGK', 'PGM', 'ACONTb', 'MDH')",13.638596491228029,1,1,1,0,0,1,0,0,0,1
400,"('GAPD', 'PGK', 'PGM', 'ACONTa', 'CS')",13.638596491228029,1,1,1,0,0,0,1,1,0,0
401,"('GAPD', 'PGK', 'PGM', 'ACONTa', 'FUM')",13.638596491228027,1,1,1,0,0,0,1,0,1,0
402,"('GAPD', 'PGK', 'PGM', 'ACONTa', 'MDH')",13.638596491228027,1,1,1,0,0,0,1,0,0,1
403,"('GAPD', 'PGK', 'PGM', 'CS', 'FUM')",13.638596491228027,1,1,1,0,0,0,0,1,1,0
404,"('GAPD', 'PGK', 'PGM', 'CS', 'MDH')",13.638596491228027,1,1,1,0,0,0,0,1,0,1
405,"('GAPD', 'PGK', 'PGM', 'FUM', 'MDH')",13.854237288135588,1,1,1,0,0,0,0,0,1,1
406,"('GAPD', 'PGK', 'ENO', 'TPI', 'ACONTb')",1.264935064935065,1,1,0,1,1,1,0,0,0,0
407,"('GAPD', 'PGK', 'ENO', 'TPI', 'ACONTa')",1.264935064935065,1,1,0,1,1,0,1,0,0,0
408,"('GAPD', 'PGK', 'ENO', 'TPI', 'CS')",1.264935064935065,1,1,0,1,1,0,0,1,0,0
409,"('GAPD', 'PGK', 'ENO', 'TPI', 'FUM')",1.264935064935065,1,1,0,1,1,0,0,0,1,0
410,"('GAPD', 'PGK', 'ENO', 'TPI', 'MDH')",1.264935064935065,1,1,0,1,1,0,0,0,0,1
411,"('GAPD', 'PGK', 'ENO', 'ACONTb', 'ACONTa')",13.638596491228071,1,1,0,1,0,1,1,0,0,0
412,"('GAPD', 'PGK', 'ENO', 'ACONTb', 'CS')",13.638596491228071,1,1,0,1,0,1,0,1,0,0
413,"('GAPD', 'PGK', 'ENO', 'ACONTb', 'FUM')",13.638596491228071,1,1,0,1,0,1,0,0,1,0
414,"('GAPD', 'PGK', 'ENO', 'ACONTb', 'MDH')",13.638596491228071,1,1,0,1,0,1,0,0,0,1
415,"('GAPD', 'PGK', 'ENO', 'ACONTa', 'CS')",13.638596491228071,1,1,0,1,0,0,1,1,0,0
416,"('GAPD', 'PGK', 'ENO', 'ACONTa', 'FUM')",13.638596491228071,1,1,0,1,0,0,1,0,1,0
417,"('GAPD', 'PGK', 'ENO', 'ACONTa', 'MDH')",13.638596491228071,1,1,0,1,0,0,1,0,0,1
418,"('GAPD', 'PGK', 'ENO', 'CS', 'FUM')",13.638596491228071,1,1,0,1,0,0,0,1,1,0
419,"('GAPD', 'PGK', 'ENO', 'CS', 'MDH')",13.638596491228071,1,1,0,1,0,0,0,1,0,1
420,"('GAPD', 'PGK', 'ENO', 'FUM', 'MDH')",13.854237288135582,1,1,0,1,0,0,0,0,1,1
421,"('GAPD', 'PGK', 'TPI', 'ACONTb', 'ACONTa')",1.2649350649350624,1,1,0,0,1,1,1,0,0,0
422,"('GAPD', 'PGK', 'TPI', 'ACONTb', 'CS')",1.2649350649350624,1,1,0,0,1,1,0,1,0,0
423,"('GAPD', 'PGK', 'TPI', 'ACONTb', 'FUM')",1.2649350649350624,1,1,0,0,1,1,0,0,1,0
424,"('GAPD', 'PGK', 'TPI', 'ACONTb', 'MDH')",1.2649350649350624,1,1,0,0,1,1,0,0,0,1
425,"('GAPD', 'PGK', 'TPI', 'ACONTa', 'CS')",1.2649350649350624,1,1,0,0,1,0,1,1,0,0
426,"('GAPD', 'PGK', 'TPI', 'ACONTa', 'FUM')",1.2649350649350624,1,1,0,0,1,0,1,0,1,0
427,"('GAPD', 'PGK', 'TPI', 'ACONTa', 'MDH')",1.2649350649350624,1,1,0,0,1,0,1,0,0,1
428,"('GAPD', 'PGK', 'TPI', 'CS', 'FUM')",1.2649350649350628,1,1,0,0,1,0,0,1,1,0
429,"('GAPD', 'PGK', 'TPI', 'CS', 'MDH')",1.2649350649350628,1,1,0,0,1,0,0,1,0,1
430,"('GAPD', 'PGK', 'TPI', 'FUM', 'MDH')",1.2649350649350628,1,1,0,0,1,0,0,0,1,1
431,"('GAPD', 'PGK', 'ACONTb', 'ACONTa', 'CS')",13.638596491228068,1,1,0,0,0,1,1,1,0,0
432,"('GAPD', 'PGK', 'ACONTb', 'ACONTa', 'FUM')",13.638596491228068,1,1,0,0,0,1,1,0,1,0
433,"('GAPD', 'PGK', 'ACONTb', 'ACONTa', 'MDH')",13.638596491228068,1,1,0,0,0,1,1,0,0,1
434,"('GAPD', 'PGK', 'ACONTb', 'CS', 'FUM')",13.638596491228068,1,1,0,0,0,1,0,1,1,0
435,"('GAPD', 'PGK', 'ACONTb', 'CS', 'MDH')",13.638596491228068,1,1,0,0,0,1,0,1,0,1
436,"('GAPD', 'PGK', 'ACONTb', 'FUM', 'MDH')",13.638596491228068,1,1,0,0,0,1,0,0,1,1
437,"('GAPD', 'PGK', 'ACONTa', 'CS', 'FUM')",13.638596491228071,1,1,0,0,0,0,1,1,1,0
438,"('GAPD', 'PGK', 'ACONTa', 'CS', 'MDH')",13.638596491228071,1,1,0,0,0,0,1,1,0,1
439,"('GAPD', 'PGK', 'ACONTa', 'FUM', 'MDH')",13.638596491228071,1,1,0,0,0,0,1,0,1,1
440,"('GAPD', 'PGK', 'CS', 'FUM', 'MDH')",13.638596491228071,1,1,0,0,0,0,0,1,1,1
441,"('GAPD', 'PGM', 'ENO', 'TPI', 'ACONTb')",1.2649350649350632,1,0,1,1,1,1,0,0,0,0
442,"('GAPD', 'PGM', 'ENO', 'TPI', 'ACONTa')",1.264935064935063,1,0,1,1,1,0,1,0,0,0
443,"('GAPD', 'PGM', 'ENO', 'TPI', 'CS')",1.264935064935063,1,0,1,1,1,0,0,1,0,0
444,"('GAPD', 'PGM', 'ENO', 'TPI', 'FUM')",1.264935064935063,1,0,1,1,1,0,0,0,1,0
445,"('GAPD', 'PGM', 'ENO', 'TPI', 'MDH')",1.264935064935063,1,0,1,1,1,0,0,0,0,1
446,"('GAPD', 'PGM', 'ENO', 'ACONTb', 'ACONTa')",13.638596491228135,1,0,1,1,0,1,1,0,0,0
447,"('GAPD', 'PGM', 'ENO', 'ACONTb', 'CS')",13.638596491228135,1,0,1,1,0,1,0,1,0,0
448,"('GAPD', 'PGM', 'ENO', 'ACONTb', 'FUM')",13.638596491228135,1,0,1,1,0,1,0,0,1,0
449,"('GAPD', 'PGM', 'ENO', 'ACONTb', 'MDH')",13.638596491228135,1,0,1,1,0,1,0,0,0,1
450,"('GAPD', 'PGM', 'ENO', 'ACONTa', 'CS')",13.638596491228135,1,0,1,1,0,0,1,1,0,0
451,"('GAPD', 'PGM', 'ENO', 'ACONTa', 'FUM')",13.638596491228135,1,0,1,1,0,0,1,0,1,0
452,"('GAPD', 'PGM', 'ENO', 'ACONTa', 'MDH')",13.638596491228135,1,0,1,1,0,0,1,0,0,1
453,"('GAPD', 'PGM', 'ENO', 'CS', 'FUM')",13.638596491228135,1,0,1,1,0,0,0,1,1,0
454,"('GAPD', 'PGM', 'ENO', 'CS', 'MDH')",13.638596491228135,1,0,1,1,0,0,0,1,0,1
455,"('GAPD', 'PGM', 'ENO', 'FUM', 'MDH')",13.854237288135632,1,0,1,1,0,0,0,0,1,1
456,"('GAPD', 'PGM', 'TPI', 'ACONTb', 'ACONTa')",1.264935064935068,1,0,1,0,1,1,1,0,0,0
457,"('GAPD', 'PGM', 'TPI', 'ACONTb', 'CS')",1.264935064935068,1,0,1,0,1,1,0,1,0,0
458,"('GAPD', 'PGM', 'TPI', 'ACONTb', 'FUM')",1.264935064935068,1,0,1,0,1,1,0,0,1,0
459,"('GAPD', 'PGM', 'TPI', 'ACONTb', 'MDH')",1.264935064935068,1,0,1,0,1,1,0,0,0,1
460,"('GAPD', 'PGM', 'TPI', 'ACONTa', 'CS')",1.264935064935068,1,0,1,0,1,0,1,1,0,0
461,"('GAPD', 'PGM', 'TPI', 'ACONTa', 'FUM')",1.264935064935068,1,0,1,0,1,0,1,0,1,0
462,"('GAPD', 'PGM', 'TPI', 'ACONTa', 'MDH')",1.264935064935068,1,0,1,0,1,0,1,0,0,1
463,"('GAPD', 'PGM', 'TPI', 'CS', 'FUM')",1.264935064935068,1,0,1,0,1,0,0,1,1,0
464,"('GAPD', 'PGM', 'TPI', 'CS', 'MDH')",1.264935064935068,1,0,1,0,1,0,0,1,0,1
465,"('GAPD', 'PGM', 'TPI', 'FUM', 'MDH')",1.264935064935068,1,0,1,0,1,0,0,0,1,1
466,"('GAPD', 'PGM', 'ACONTb', 'ACONTa', 'CS')",13.63859649122804,1,0,1,0,0,1,1,1,0,0
467,"('GAPD', 'PGM', 'ACONTb', 'ACONTa', 'FUM')",13.638596491228029,1,0,1,0,0,1,1,0,1,0
468,"('GAPD', 'PGM', 'ACONTb', 'ACONTa', 'MDH')",13.638596491228029,1,0,1,0,0,1,1,0,0,1
469,"('GAPD', 'PGM', 'ACONTb', 'CS', 'FUM')",13.638596491228029,1,0,1,0,0,1,0,1,1,0
470,"('GAPD', 'PGM', 'ACONTb', 'CS', 'MDH')",13.638596491228029,1,0,1,0,0,1,0,1,0,1
471,"('GAPD', 'PGM', 'ACONTb', 'FUM', 'MDH')",13.638596491228029,1,0,1,0,0,1,0,0,1,1
472,"('GAPD', 'PGM', 'ACONTa', 'CS', 'FUM')",13.638596491228038,1,0,1,0,0,0,1,1,1,0
473,"('GAPD', 'PGM', 'ACONTa', 'CS', 'MDH')",13.638596491228038,1,0,1,0,0,0,1,1,0,1
474,"('GAPD', 'PGM', 'ACONTa', 'FUM', 'MDH')",13.638596491228034,1,0,1,0,0,0,1,0,1,1
475,"('GAPD', 'PGM', 'CS', 'FUM', 'MDH')",13.638596491228045,1,0,1,0,0,0,0,1,1,1
476,"('GAPD', 'ENO', 'TPI', 'ACONTb', 'ACONTa')",1.2649350649350624,1,0,0,1,1,1,1,0,0,0
477,"('GAPD', 'ENO', 'TPI', 'ACONTb', 'CS')",1.2649350649350626,1,0,0,1,1,1,0,1,0,0
478,"('GAPD', 'ENO', 'TPI', 'ACONTb', 'FUM')",1.2649350649350626,1,0,0,1,1,1,0,0,1,0
479,"('GAPD', 'ENO', 'TPI', 'ACONTb', 'MDH')",1.2649350649350626,1,0,0,1,1,1,0,0,0,1
480,"('GAPD', 'ENO', 'TPI', 'ACONTa', 'CS')",1.2649350649350626,1,0,0,1,1,0,1,1,0,0
481,"('GAPD', 'ENO', 'TPI', 'ACONTa', 'FUM')",1.2649350649350626,1,0,0,1,1,0,1,0,1,0
482,"('GAPD', 'ENO', 'TPI', 'ACONTa', 'MDH')",1.2649350649350626,1,0,0,1,1,0,1,0,0,1
483,"('GAPD', 'ENO', 'TPI', 'CS', 'FUM')",1.2649350649350626,1,0,0,1,1,0,0,1,1,0
484,"('GAPD', 'ENO', 'TPI', 'CS', 'MDH')",1.2649350649350626,1,0,0,1,1,0,0,1,0,1
485,"('GAPD', 'ENO', 'TPI', 'FUM', 'MDH')",1.2649350649350626,1,0,0,1,1,0,0,0,1,1
486,"('GAPD', 'ENO', 'ACONTb', 'ACONTa', 'CS')",13.638596491228016,1,0,0,1,0,1,1,1,0,0
487,"('GAPD', 'ENO', 'ACONTb', 'ACONTa', 'FUM')",13.638596491228016,1,0,0,1,0,1,1,0,1,0
488,"('GAPD', 'ENO', 'ACONTb', 'ACONTa', 'MDH')",13.638596491228016,1,0,0,1,0,1,1,0,0,1
489,"('GAPD', 'ENO', 'ACONTb', 'CS', 'FUM')",13.638596491228016,1,0,0,1,0,1,0,1,1,0
490,"('GAPD', 'ENO', 'ACONTb', 'CS', 'MDH')",13.638596491228016,1,0,0,1,0,1,0,1,0,1
491,"('GAPD', 'ENO', 'ACONTb', 'FUM', 'MDH')",13.638596491228016,1,0,0,1,0,1,0,0,1,1
492,"('GAPD', 'ENO', 'ACONTa', 'CS', 'FUM')",13.638596491228059,1,0,0,1,0,0,1,1,1,0
493,"('GAPD', 'ENO', 'ACONTa', 'CS', 'MDH')",13.638596491228059,1,0,0,1,0,0,1,1,0,1
494,"('GAPD', 'ENO', 'ACONTa', 'FUM', 'MDH')",13.638596491228059,1,0,0,1,0,0,1,0,1,1
495,"('GAPD', 'ENO', 'CS', 'FUM', 'MDH')",13.638596491228059,1,0,0,1,0,0,0,1,1,1
496,"('GAPD', 'TPI', 'ACONTb', 'ACONTa', 'CS')",1.2649350649350652,1,0,0,0,1,1,1,1,0,0
497,"('GAPD', 'TPI', 'ACONTb', 'ACONTa', 'FUM')",1.2649350649350652,1,0,0,0,1,1,1,0,1,0
498,"('GAPD', 'TPI', 'ACONTb', 'ACONTa', 'MDH')",1.2649350649350652,1,0,0,0,1,1,1,0,0,1
499,"('GAPD', 'TPI', 'ACONTb', 'CS', 'FUM')",1.2649350649350652,1,0,0,0,1,1,0,1,1,0
500,"('GAPD', 'TPI', 'ACONTb', 'CS', 'MDH')",1.2649350649350652,1,0,0,0,1,1,0,1,0,1
501,"('GAPD', 'TPI', 'ACONTb', 'FUM', 'MDH')",1.2649350649350652,1,0,0,0,1,1,0,0,1,1
502,"('GAPD', 'TPI', 'ACONTa', 'CS', 'FUM')",1.2649350649350652,1,0,0,0,1,0,1,1,1,0
503,"('GAPD', 'TPI', 'ACONTa', 'CS', 'MDH')",1.2649350649350652,1,0,0,0,1,0,1,1,0,1
504,"('GAPD', 'TPI', 'ACONTa', 'FUM', 'MDH')",1.2649350649350652,1,0,0,0,1,0,1,0,1,1
505,"('GAPD', 'TPI', 'CS', 'FUM', 'MDH')",1.264935064935064,1,0,0,0,1,0,0,1,1,1
506,"('GAPD', 'ACONTb', 'ACONTa', 'CS', 'FUM')",13.63859649122806,1,0,0,0,0,1,1,1,1,0
507,"('GAPD', 'ACONTb', 'ACONTa', 'CS', 'MDH')",13.63859649122806,1,0,0,0,0,1,1,1,0,1
508,"('GAPD', 'ACONTb', 'ACONTa', 'FUM', 'MDH')",13.63859649122806,1,0,0,0,0,1,1,0,1,1
509,"('GAPD', 'ACONTb', 'CS', 'FUM', 'MDH')",13.63859649122806,1,0,0,0,0,1,0,1,1,1
510,"('GAPD', 'ACONTa', 'CS', 'FUM', 'MDH')",13.63859649122806,1,0,0,0,0,0,1,1,1,1
511,"('PGK', 'PGM', 'ENO', 'TPI', 'ACONTb')",1.2649350649350586,0,1,1,1,1,1,0,0,0,0
512,"('PGK', 'PGM', 'ENO', 'TPI', 'ACONTa')",1.2649350649350586,0,1,1,1,1,0,1,0,0,0
513,"('PGK', 'PGM', 'ENO', 'TPI', 'CS')",1.2649350649350586,0,1,1,1,1,0,0,1,0,0
514,"('PGK', 'PGM', 'ENO', 'TPI', 'FUM')",1.2649350649350586,0,1,1,1,1,0,0,0,1,0
515,"('PGK', 'PGM', 'ENO', 'TPI', 'MDH')",1.2649350649350586,0,1,1,1,1,0,0,0,0,1
516,"('PGK', 'PGM', 'ENO', 'ACONTb', 'ACONTa')",13.638596491228073,0,1,1,1,0,1,1,0,0,0
517,"('PGK', 'PGM', 'ENO', 'ACONTb', 'CS')",13.638596491228073,0,1,1,1,0,1,0,1,0,0
518,"('PGK', 'PGM', 'ENO', 'ACONTb', 'FUM')",13.638596491228073,0,1,1,1,0,1,0,0,1,0
519,"('PGK', 'PGM', 'ENO', 'ACONTb', 'MDH')",13.638596491228073,0,1,1,1,0,1,0,0,0,1
520,"('PGK', 'PGM', 'ENO', 'ACONTa', 'CS')",13.638596491228073,0,1,1,1,0,0,1,1,0,0
521,"('PGK', 'PGM', 'ENO', 'ACONTa', 'FUM')",13.638596491228073,0,1,1,1,0,0,1,0,1,0
522,"('PGK', 'PGM', 'ENO', 'ACONTa', 'MDH')",13.638596491228073,0,1,1,1,0,0,1,0,0,1
523,"('PGK', 'PGM', 'ENO', 'CS', 'FUM')",13.638596491228073,0,1,1,1,0,0,0,1,1,0
524,"('PGK', 'PGM', 'ENO', 'CS', 'MDH')",13.638596491228073,0,1,1,1,0,0,0,1,0,1
525,"('PGK', 'PGM', 'ENO', 'FUM', 'MDH')",13.854237288135593,0,1,1,1,0,0,0,0,1,1
526,"('PGK', 'PGM', 'TPI', 'ACONTb', 'ACONTa')",1.2649350649350706,0,1,1,0,1,1,1,0,0,0
527,"('PGK', 'PGM', 'TPI', 'ACONTb', 'CS')",1.2649350649350706,0,1,1,0,1,1,0,1,0,0
528,"('PGK', 'PGM', 'TPI', 'ACONTb', 'FUM')",1.2649350649350706,0,1,1,0,1,1,0,0,1,0
529,"('PGK', 'PGM', 'TPI', 'ACONTb', 'MDH')",1.2649350649350706,0,1,1,0,1,1,0,0,0,1
530,"('PGK', 'PGM', 'TPI', 'ACONTa', 'CS')",1.2649350649350706,0,1,1,0,1,0,1,1,0,0
531,"('PGK', 'PGM', 'TPI', 'ACONTa', 'FUM')",1.2649350649350706,0,1,1,0,1,0,1,0,1,0
532,"('PGK', 'PGM', 'TPI', 'ACONTa', 'MDH')",1.2649350649350706,0,1,1,0,1,0,1,0,0,1
533,"('PGK', 'PGM', 'TPI', 'CS', 'FUM')",1.2649350649350706,0,1,1,0,1,0,0,1,1,0
534,"('PGK', 'PGM', 'TPI', 'CS', 'MDH')",1.2649350649350706,0,1,1,0,1,0,0,1,0,1
535,"('PGK', 'PGM', 'TPI', 'FUM', 'MDH')",1.2649350649350706,0,1,1,0,1,0,0,0,1,1
536,"('PGK', 'PGM', 'ACONTb', 'ACONTa', 'CS')",13.638596491228064,0,1,1,0,0,1,1,1,0,0
537,"('PGK', 'PGM', 'ACONTb', 'ACONTa', 'FUM')",13.638596491228064,0,1,1,0,0,1,1,0,1,0
538,"('PGK', 'PGM', 'ACONTb', 'ACONTa', 'MDH')",13.638596491228064,0,1,1,0,0,1,1,0,0,1
539,"('PGK', 'PGM', 'ACONTb', 'CS', 'FUM')",13.638596491228064,0,1,1,0,0,1,0,1,1,0
540,"('PGK', 'PGM', 'ACONTb', 'CS', 'MDH')",13.638596491228064,0,1,1,0,0,1,0,1,0,1
541,"('PGK', 'PGM', 'ACONTb', 'FUM', 'MDH')",13.638596491228064,0,1,1,0,0,1,0,0,1,1
542,"('PGK', 'PGM', 'ACONTa', 'CS', 'FUM')",13.63859649122806,0,1,1,0,0,0,1,1,1,0
543,"('PGK', 'PGM', 'ACONTa', 'CS', 'MDH')",13.63859649122806,0,1,1,0,0,0,1,1,0,1
544,"('PGK', 'PGM', 'ACONTa', 'FUM', 'MDH')",13.63859649122806,0,1,1,0,0,0,1,0,1,1
545,"('PGK', 'PGM', 'CS', 'FUM', 'MDH')",13.638596491228096,0,1,1,0,0,0,0,1,1,1
546,"('PGK', 'ENO', 'TPI', 'ACONTb', 'ACONTa')",1.2649350649350648,0,1,0,1,1,1,1,0,0,0
547,"('PGK', 'ENO', 'TPI', 'ACONTb', 'CS')",1.2649350649350648,0,1,0,1,1,1,0,1,0,0
548,"('PGK', 'ENO', 'TPI', 'ACONTb', 'FUM')",1.2649350649350648,0,1,0,1,1,1,0,0,1,0
549,"('PGK', 'ENO', 'TPI', 'ACONTb', 'MDH')",1.2649350649350648,0,1,0,1,1,1,0,0,0,1
550,"('PGK', 'ENO', 'TPI', 'ACONTa', 'CS')",1.2649350649350655,0,1,0,1,1,0,1,1,0,0
551,"('PGK', 'ENO', 'TPI', 'ACONTa', 'FUM')",1.2649350649350655,0,1,0,1,1,0,1,0,1,0
552,"('PGK', 'ENO', 'TPI', 'ACONTa', 'MDH')",1.2649350649350655,0,1,0,1,1,0,1,0,0,1
553,"('PGK', 'ENO', 'TPI', 'CS', 'FUM')",1.2649350649350655,0,1,0,1,1,0,0,1,1,0
554,"('PGK', 'ENO', 'TPI', 'CS', 'MDH')",1.2649350649350655,0,1,0,1,1,0,0,1,0,1
555,"('PGK', 'ENO', 'TPI', 'FUM', 'MDH')",1.2649350649350655,0,1,0,1,1,0,0,0,1,1
556,"('PGK', 'ENO', 'ACONTb', 'ACONTa', 'CS')",13.638596491228084,0,1,0,1,0,1,1,1,0,0
557,"('PGK', 'ENO', 'ACONTb', 'ACONTa', 'FUM')",13.638596491228084,0,1,0,1,0,1,1,0,1,0
558,"('PGK', 'ENO', 'ACONTb', 'ACONTa', 'MDH')",13.638596491228084,0,1,0,1,0,1,1,0,0,1
559,"('PGK', 'ENO', 'ACONTb', 'CS', 'FUM')",13.638596491228084,0,1,0,1,0,1,0,1,1,0
560,"('PGK', 'ENO', 'ACONTb', 'CS', 'MDH')",13.638596491228084,0,1,0,1,0,1,0,1,0,1
561,"('PGK', 'ENO', 'ACONTb', 'FUM', 'MDH')",13.638596491228084,0,1,0,1,0,1,0,0,1,1
562,"('PGK', 'ENO', 'ACONTa', 'CS', 'FUM')",13.638596491228084,0,1,0,1,0,0,1,1,1,0
563,"('PGK', 'ENO', 'ACONTa', 'CS', 'MDH')",13.638596491228084,0,1,0,1,0,0,1,1,0,1
564,"('PGK', 'ENO', 'ACONTa', 'FUM', 'MDH')",13.638596491228084,0,1,0,1,0,0,1,0,1,1
565,"('PGK', 'ENO', 'CS', 'FUM', 'MDH')",13.638596491228082,0,1,0,1,0,0,0,1,1,1
566,"('PGK', 'TPI', 'ACONTb', 'ACONTa', 'CS')",1.2649350649350681,0,1,0,0,1,1,1,1,0,0
567,"('PGK', 'TPI', 'ACONTb', 'ACONTa', 'FUM')",1.2649350649350681,0,1,0,0,1,1,1,0,1,0
568,"('PGK', 'TPI', 'ACONTb', 'ACONTa', 'MDH')",1.2649350649350681,0,1,0,0,1,1,1,0,0,1
569,"('PGK', 'TPI', 'ACONTb', 'CS', 'FUM')",1.2649350649350681,0,1,0,0,1,1,0,1,1,0
570,"('PGK', 'TPI', 'ACONTb', 'CS', 'MDH')",1.2649350649350681,0,1,0,0,1,1,0,1,0,1
571,"('PGK', 'TPI', 'ACONTb', 'FUM', 'MDH')",1.2649350649350681,0,1,0,0,1,1,0,0,1,1
572,"('PGK', 'TPI', 'ACONTa', 'CS', 'FUM')",1.2649350649350681,0,1,0,0,1,0,1,1,1,0
573,"('PGK', 'TPI', 'ACONTa', 'CS', 'MDH')",1.2649350649350681,0,1,0,0,1,0,1,1,0,1
574,"('PGK', 'TPI', 'ACONTa', 'FUM', 'MDH')",1.2649350649350681,0,1,0,0,1,0,1,0,1,1
575,"('PGK', 'TPI', 'CS', 'FUM', 'MDH')",1.2649350649350684,0,1,0,0,1,0,0,1,1,1
576,"('PGK', 'ACONTb', 'ACONTa', 'CS', 'FUM')",13.638596491228098,0,1,0,0,0,1,1,1,1,0
577,"('PGK', 'ACONTb', 'ACONTa', 'CS', 'MDH')",13.638596491228098,0,1,0,0,0,1,1,1,0,1
578,"('PGK', 'ACONTb', 'ACONTa', 'FUM', 'MDH')",13.638596491228098,0,1,0,0,0,1,1,0,1,1
579,"('PGK', 'ACONTb', 'CS', 'FUM', 'MDH')",13.638596491228089,0,1,0,0,0,1,0,1,1,1
580,"('PGK', 'ACONTa', 'CS', 'FUM', 'MDH')",13.638596491228089,0,1,0,0,0,0,1,1,1,1
581,"('PGM', 'ENO', 'TPI', 'ACONTb', 'ACONTa')",14.34035087719298,0,0,1,1,1,1,1,0,0,0
582,"('PGM', 'ENO', 'TPI', 'ACONTb', 'CS')",14.340350877192979,0,0,1,1,1,1,0,1,0,0
583,"('PGM', 'ENO', 'TPI', 'ACONTb', 'FUM')",14.340350877192979,0,0,1,1,1,1,0,0,1,0
584,"('PGM', 'ENO', 'TPI', 'ACONTb', 'MDH')",14.340350877192979,0,0,1,1,1,1,0,0,0,1
585,"('PGM', 'ENO', 'TPI', 'ACONTa', 'CS')",14.340350877192979,0,0,1,1,1,0,1,1,0,0
586,"('PGM', 'ENO', 'TPI', 'ACONTa', 'FUM')",14.340350877192979,0,0,1,1,1,0,1,0,1,0
587,"('PGM', 'ENO', 'TPI', 'ACONTa', 'MDH')",14.340350877192979,0,0,1,1,1,0,1,0,0,1
588,"('PGM', 'ENO', 'TPI', 'CS', 'FUM')",14.340350877192979,0,0,1,1,1,0,0,1,1,0
589,"('PGM', 'ENO', 'TPI', 'CS', 'MDH')",14.340350877192979,0,0,1,1,1,0,0,1,0,1
590,"('PGM', 'ENO', 'TPI', 'FUM', 'MDH')",14.45666666666666,0,0,1,1,1,0,0,0,1,1
591,"('PGM', 'ENO', 'ACONTb', 'ACONTa', 'CS')",14.340350877192966,0,0,1,1,0,1,1,1,0,0
592,"('PGM', 'ENO', 'ACONTb', 'ACONTa', 'FUM')",14.340350877192966,0,0,1,1,0,1,1,0,1,0
593,"('PGM', 'ENO', 'ACONTb', 'ACONTa', 'MDH')",14.340350877192966,0,0,1,1,0,1,1,0,0,1
594,"('PGM', 'ENO', 'ACONTb', 'CS', 'FUM')",14.340350877192966,0,0,1,1,0,1,0,1,1,0
595,"('PGM', 'ENO', 'ACONTb', 'CS', 'MDH')",14.340350877192966,0,0,1,1,0,1,0,1,0,1
596,"('PGM', 'ENO', 'ACONTb', 'FUM', 'MDH')",14.340350877192966,0,0,1,1,0,1,0,0,1,1
597,"('PGM', 'ENO', 'ACONTa', 'CS', 'FUM')",14.340350877192963,0,0,1,1,0,0,1,1,1,0
598,"('PGM', 'ENO', 'ACONTa', 'CS', 'MDH')",14.340350877192963,0,0,1,1,0,0,1,1,0,1
599,"('PGM', 'ENO', 'ACONTa', 'FUM', 'MDH')",14.340350877192963,0,0,1,1,0,0,1,0,1,1
600,"('PGM', 'ENO', 'CS', 'FUM', 'MDH')",14.340350877192964,0,0,1,1,0,0,0,1,1,1
601,"('PGM', 'TPI', 'ACONTb', 'ACONTa', 'CS')",14.34035087719296,0,0,1,0,1,1,1,1,0,0
602,"('PGM', 'TPI', 'ACONTb', 'ACONTa', 'FUM')",14.34035087719296,0,0,1,0,1,1,1,0,1,0
603,"('PGM', 'TPI', 'ACONTb', 'ACONTa', 'MDH')",14.34035087719296,0,0,1,0,1,1,1,0,0,1
604,"('PGM', 'TPI', 'ACONTb', 'CS', 'FUM')",14.34035087719296,0,0,1,0,1,1,0,1,1,0
605,"('PGM', 'TPI', 'ACONTb', 'CS', 'MDH')",14.34035087719296,0,0,1,0,1,1,0,1,0,1
606,"('PGM', 'TPI', 'ACONTb', 'FUM', 'MDH')",14.34035087719296,0,0,1,0,1,1,0,0,1,1
607,"('PGM', 'TPI', 'ACONTa', 'CS', 'FUM')",14.340350877192964,0,0,1,0,1,0,1,1,1,0
608,"('PGM', 'TPI', 'ACONTa', 'CS', 'MDH')",14.340350877192964,0,0,1,0,1,0,1,1,0,1
609,"('PGM', 'TPI', 'ACONTa', 'FUM', 'MDH')",14.340350877192964,0,0,1,0,1,0,1,0,1,1
610,"('PGM', 'TPI', 'CS', 'FUM', 'MDH')",14.340350877192963,0,0,1,0,1,0,0,1,1,1
611,"('PGM', 'ACONTb', 'ACONTa', 'CS', 'FUM')",14.34035087719296,0,0,1,0,0,1,1,1,1,0
612,"('PGM', 'ACONTb', 'ACONTa', 'CS', 'MDH')",14.34035087719296,0,0,1,0,0,1,1,1,0,1
613,"('PGM', 'ACONTb', 'ACONTa', 'FUM', 'MDH')",14.340350877192964,0,0,1,0,0,1,1,0,1,1
614,"('PGM', 'ACONTb', 'CS', 'FUM', 'MDH')",14.340350877192964,0,0,1,0,0,1,0,1,1,1
615,"('PGM', 'ACONTa', 'CS', 'FUM', 'MDH')",14.340350877192964,0,0,1,0,0,0,1,1,1,1
616,"('ENO', 'TPI', 'ACONTb', 'ACONTa', 'CS')",14.34035087719296,0,0,0,1,1,1,1,1,0,0
617,"('ENO', 'TPI', 'ACONTb', 'ACONTa', 'FUM')",14.34035087719296,0,0,0,1,1,1,1,0,1,0
618,"('ENO', 'TPI', 'ACONTb', 'ACONTa', 'MDH')",14.34035087719296,0,0,0,1,1,1,1,0,0,1
619,"('ENO', 'TPI', 'ACONTb', 'CS', 'FUM')",14.34035087719296,0,0,0,1,1,1,0,1,1,0
620,"('ENO', 'TPI', 'ACONTb', 'CS', 'MDH')",14.34035087719296,0,0,0,1,1,1,0,1,0,1
621,"('ENO', 'TPI', 'ACONTb', 'FUM', 'MDH')",14.34035087719296,0,0,0,1,1,1,0,0,1,1
622,"('ENO', 'TPI', 'ACONTa', 'CS', 'FUM')",14.34035087719296,0,0,0,1,1,0,1,1,1,0
623,"('ENO', 'TPI', 'ACONTa', 'CS', 'MDH')",14.34035087719296,0,0,0,1,1,0,1,1,0,1
624,"('ENO', 'TPI', 'ACONTa', 'FUM', 'MDH')",14.340350877192964,0,0,0,1,1,0,1,0,1,1
625,"('ENO', 'TPI', 'CS', 'FUM', 'MDH')",14.340350877192963,0,0,0,1,1,0,0,1,1,1
626,"('ENO', 'ACONTb', 'ACONTa', 'CS', 'FUM')",14.34035087719296,0,0,0,1,0,1,1,1,1,0
627,"('ENO', 'ACONTb', 'ACONTa', 'CS', 'MDH')",14.34035087719296,0,0,0,1,0,1,1,1,0,1
628,"('ENO', 'ACONTb', 'ACONTa', 'FUM', 'MDH')",14.34035087719296,0,0,0,1,0,1,1,0,1,1
629,"('ENO', 'ACONTb', 'CS', 'FUM', 'MDH')",14.34035087719296,0,0,0,1,0,1,0,1,1,1
630,"('ENO', 'ACONTa', 'CS', 'FUM', 'MDH')",14.34035087719296,0,0,0,1,0,0,1,1,1,1
631,"('TPI', 'ACONTb', 'ACONTa', 'CS', 'FUM')",15.743859649122813,0,0,0,0,1,1,1,1,1,0
632,"('TPI', 'ACONTb', 'ACONTa', 'CS', 'MDH')",15.743859649122813,0,0,0,0,1,1,1,1,0,1
633,"('TPI', 'ACONTb', 'ACONTa', 'FUM', 'MDH')",15.743859649122813,0,0,0,0,1,1,1,0,1,1
634,"('TPI', 'ACONTb', 'CS', 'FUM', 'MDH')",15.743859649122813,0,0,0,0,1,1,0,1,1,1
635,"('TPI', 'ACONTa', 'CS', 'FUM', 'MDH')",15.743859649122813,0,0,0,0,1,0,1,1,1,1
636,"('ACONTb', 'ACONTa', 'CS', 'FUM', 'MDH')",16.681632653061236,0,0,0,0,0,1,1,1,1,1
637,"('GAPD', 'PGK', 'PGM', 'ENO', 'TPI', 'ACONTb')",1.2649350649350621,1,1,1,1,1,1,0,0,0,0
638,"('GAPD', 'PGK', 'PGM', 'ENO', 'TPI', 'ACONTa')",1.2649350649350621,1,1,1,1,1,0,1,0,0,0
639,"('GAPD', 'PGK', 'PGM', 'ENO', 'TPI', 'CS')",1.2649350649350621,1,1,1,1,1,0,0,1,0,0
640,"('GAPD', 'PGK', 'PGM', 'ENO', 'TPI', 'FUM')",1.2649350649350621,1,1,1,1,1,0,0,0,1,0
641,"('GAPD', 'PGK', 'PGM', 'ENO', 'TPI', 'MDH')",1.2649350649350621,1,1,1,1,1,0,0,0,0,1
642,"('GAPD', 'PGK', 'PGM', 'ENO', 'ACONTb', 'ACONTa')",13.638596491228071,1,1,1,1,0,1,1,0,0,0
643,"('GAPD', 'PGK', 'PGM', 'ENO', 'ACONTb', 'CS')",13.638596491228071,1,1,1,1,0,1,0,1,0,0
644,"('GAPD', 'PGK', 'PGM', 'ENO', 'ACONTb', 'FUM')",13.638596491228071,1,1,1,1,0,1,0,0,1,0
645,"('GAPD', 'PGK', 'PGM', 'ENO', 'ACONTb', 'MDH')",13.638596491228071,1,1,1,1,0,1,0,0,0,1
646,"('GAPD', 'PGK', 'PGM', 'ENO', 'ACONTa', 'CS')",13.638596491228071,1,1,1,1,0,0,1,1,0,0
647,"('GAPD', 'PGK', 'PGM', 'ENO', 'ACONTa', 'FUM')",13.638596491228071,1,1,1,1,0,0,1,0,1,0
648,"('GAPD', 'PGK', 'PGM', 'ENO', 'ACONTa', 'MDH')",13.638596491228071,1,1,1,1,0,0,1,0,0,1
649,"('GAPD', 'PGK', 'PGM', 'ENO', 'CS', 'FUM')",13.638596491228071,1,1,1,1,0,0,0,1,1,0
650,"('GAPD', 'PGK', 'PGM', 'ENO', 'CS', 'MDH')",13.638596491228071,1,1,1,1,0,0,0,1,0,1
651,"('GAPD', 'PGK', 'PGM', 'ENO', 'FUM', 'MDH')",13.854237288135584,1,1,1,1,0,0,0,0,1,1
652,"('GAPD', 'PGK', 'PGM', 'TPI', 'ACONTb', 'ACONTa')",1.2649350649350664,1,1,1,0,1,1,1,0,0,0
653,"('GAPD', 'PGK', 'PGM', 'TPI', 'ACONTb', 'CS')",1.2649350649350664,1,1,1,0,1,1,0,1,0,0
654,"('GAPD', 'PGK', 'PGM', 'TPI', 'ACONTb', 'FUM')",1.2649350649350664,1,1,1,0,1,1,0,0,1,0
655,"('GAPD', 'PGK', 'PGM', 'TPI', 'ACONTb', 'MDH')",1.2649350649350664,1,1,1,0,1,1,0,0,0,1
656,"('GAPD', 'PGK', 'PGM', 'TPI', 'ACONTa', 'CS')",1.2649350649350672,1,1,1,0,1,0,1,1,0,0
657,"('GAPD', 'PGK', 'PGM', 'TPI', 'ACONTa', 'FUM')",1.2649350649350672,1,1,1,0,1,0,1,0,1,0
658,"('GAPD', 'PGK', 'PGM', 'TPI', 'ACONTa', 'MDH')",1.2649350649350672,1,1,1,0,1,0,1,0,0,1
659,"('GAPD', 'PGK', 'PGM', 'TPI', 'CS', 'FUM')",1.2649350649350672,1,1,1,0,1,0,0,1,1,0
660,"('GAPD', 'PGK', 'PGM', 'TPI', 'CS', 'MDH')",1.2649350649350672,1,1,1,0,1,0,0,1,0,1
661,"('GAPD', 'PGK', 'PGM', 'TPI', 'FUM', 'MDH')",1.2649350649350672,1,1,1,0,1,0,0,0,1,1
662,"('GAPD', 'PGK', 'PGM', 'ACONTb', 'ACONTa', 'CS')",13.638596491228025,1,1,1,0,0,1,1,1,0,0
663,"('GAPD', 'PGK', 'PGM', 'ACONTb', 'ACONTa', 'FUM')",13.638596491228025,1,1,1,0,0,1,1,0,1,0
664,"('GAPD', 'PGK', 'PGM', 'ACONTb', 'ACONTa', 'MDH')",13.638596491228025,1,1,1,0,0,1,1,0,0,1
665,"('GAPD', 'PGK', 'PGM', 'ACONTb', 'CS', 'FUM')",13.638596491228025,1,1,1,0,0,1,0,1,1,0
666,"('GAPD', 'PGK', 'PGM', 'ACONTb', 'CS', 'MDH')",13.638596491228025,1,1,1,0,0,1,0,1,0,1
667,"('GAPD', 'PGK', 'PGM', 'ACONTb', 'FUM', 'MDH')",13.638596491228025,1,1,1,0,0,1,0,0,1,1
668,"('GAPD', 'PGK', 'PGM', 'ACONTa', 'CS', 'FUM')",13.638596491228025,1,1,1,0,0,0,1,1,1,0
669,"('GAPD', 'PGK', 'PGM', 'ACONTa', 'CS', 'MDH')",13.638596491228025,1,1,1,0,0,0,1,1,0,1
670,"('GAPD', 'PGK', 'PGM', 'ACONTa', 'FUM', 'MDH')",13.638596491228025,1,1,1,0,0,0,1,0,1,1
671,"('GAPD', 'PGK', 'PGM', 'CS', 'FUM', 'MDH')",13.638596491228025,1,1,1,0,0,0,0,1,1,1
672,"('GAPD', 'PGK', 'ENO', 'TPI', 'ACONTb', 'ACONTa')",1.264935064935067,1,1,0,1,1,1,1,0,0,0
673,"('GAPD', 'PGK', 'ENO', 'TPI', 'ACONTb', 'CS')",1.264935064935067,1,1,0,1,1,1,0,1,0,0
674,"('GAPD', 'PGK', 'ENO', 'TPI', 'ACONTb', 'FUM')",1.264935064935067,1,1,0,1,1,1,0,0,1,0
675,"('GAPD', 'PGK', 'ENO', 'TPI', 'ACONTb', 'MDH')",1.264935064935067,1,1,0,1,1,1,0,0,0,1
676,"('GAPD', 'PGK', 'ENO', 'TPI', 'ACONTa', 'CS')",1.264935064935067,1,1,0,1,1,0,1,1,0,0
677,"('GAPD', 'PGK', 'ENO', 'TPI', 'ACONTa', 'FUM')",1.264935064935067,1,1,0,1,1,0,1,0,1,0
678,"('GAPD', 'PGK', 'ENO', 'TPI', 'ACONTa', 'MDH')",1.264935064935067,1,1,0,1,1,0,1,0,0,1
679,"('GAPD', 'PGK', 'ENO', 'TPI', 'CS', 'FUM')",1.264935064935067,1,1,0,1,1,0,0,1,1,0
680,"('GAPD', 'PGK', 'ENO', 'TPI', 'CS', 'MDH')",1.264935064935067,1,1,0,1,1,0,0,1,0,1
681,"('GAPD', 'PGK', 'ENO', 'TPI', 'FUM', 'MDH')",1.264935064935067,1,1,0,1,1,0,0,0,1,1
682,"('GAPD', 'PGK', 'ENO', 'ACONTb', 'ACONTa', 'CS')",13.638596491228064,1,1,0,1,0,1,1,1,0,0
683,"('GAPD', 'PGK', 'ENO', 'ACONTb', 'ACONTa', 'FUM')",13.638596491228064,1,1,0,1,0,1,1,0,1,0
684,"('GAPD', 'PGK', 'ENO', 'ACONTb', 'ACONTa', 'MDH')",13.638596491228064,1,1,0,1,0,1,1,0,0,1
685,"('GAPD', 'PGK', 'ENO', 'ACONTb', 'CS', 'FUM')",13.638596491228064,1,1,0,1,0,1,0,1,1,0
686,"('GAPD', 'PGK', 'ENO', 'ACONTb', 'CS', 'MDH')",13.638596491228064,1,1,0,1,0,1,0,1,0,1
687,"('GAPD', 'PGK', 'ENO', 'ACONTb', 'FUM', 'MDH')",13.638596491228064,1,1,0,1,0,1,0,0,1,1
688,"('GAPD', 'PGK', 'ENO', 'ACONTa', 'CS', 'FUM')",13.638596491228064,1,1,0,1,0,0,1,1,1,0
689,"('GAPD', 'PGK', 'ENO', 'ACONTa', 'CS', 'MDH')",13.638596491228064,1,1,0,1,0,0,1,1,0,1
690,"('GAPD', 'PGK', 'ENO', 'ACONTa', 'FUM', 'MDH')",13.638596491228064,1,1,0,1,0,0,1,0,1,1
691,"('GAPD', 'PGK', 'ENO', 'CS', 'FUM', 'MDH')",13.638596491228064,1,1,0,1,0,0,0,1,1,1
692,"('GAPD', 'PGK', 'TPI', 'ACONTb', 'ACONTa', 'CS')",1.2649350649350652,1,1,0,0,1,1,1,1,0,0
693,"('GAPD', 'PGK', 'TPI', 'ACONTb', 'ACONTa', 'FUM')",1.2649350649350652,1,1,0,0,1,1,1,0,1,0
694,"('GAPD', 'PGK', 'TPI', 'ACONTb', 'ACONTa', 'MDH')",1.2649350649350652,1,1,0,0,1,1,1,0,0,1
695,"('GAPD', 'PGK', 'TPI', 'ACONTb', 'CS', 'FUM')",1.2649350649350652,1,1,0,0,1,1,0,1,1,0
696,"('GAPD', 'PGK', 'TPI', 'ACONTb', 'CS', 'MDH')",1.2649350649350652,1,1,0,0,1,1,0,1,0,1
697,"('GAPD', 'PGK', 'TPI', 'ACONTb', 'FUM', 'MDH')",1.2649350649350652,1,1,0,0,1,1,0,0,1,1
698,"('GAPD', 'PGK', 'TPI', 'ACONTa', 'CS', 'FUM')",1.2649350649350652,1,1,0,0,1,0,1,1,1,0
699,"('GAPD', 'PGK', 'TPI', 'ACONTa', 'CS', 'MDH')",1.2649350649350652,1,1,0,0,1,0,1,1,0,1
700,"('GAPD', 'PGK', 'TPI', 'ACONTa', 'FUM', 'MDH')",1.2649350649350652,1,1,0,0,1,0,1,0,1,1
701,"('GAPD', 'PGK', 'TPI', 'CS', 'FUM', 'MDH')",1.2649350649350652,1,1,0,0,1,0,0,1,1,1
702,"('GAPD', 'PGK', 'ACONTb', 'ACONTa', 'CS', 'FUM')",13.638596491228064,1,1,0,0,0,1,1,1,1,0
703,"('GAPD', 'PGK', 'ACONTb', 'ACONTa', 'CS', 'MDH')",13.638596491228064,1,1,0,0,0,1,1,1,0,1
704,"('GAPD', 'PGK', 'ACONTb', 'ACONTa', 'FUM', 'MDH')",13.638596491228064,1,1,0,0,0,1,1,0,1,1
705,"('GAPD', 'PGK', 'ACONTb', 'CS', 'FUM', 'MDH')",13.638596491228064,1,1,0,0,0,1,0,1,1,1
706,"('GAPD', 'PGK', 'ACONTa', 'CS', 'FUM', 'MDH')",13.638596491228064,1,1,0,0,0,0,1,1,1,1
707,"('GAPD', 'PGM', 'ENO', 'TPI', 'ACONTb', 'ACONTa')",1.2649350649350604,1,0,1,1,1,1,1,0,0,0
708,"('GAPD', 'PGM', 'ENO', 'TPI', 'ACONTb', 'CS')",1.2649350649350604,1,0,1,1,1,1,0,1,0,0
709,"('GAPD', 'PGM', 'ENO', 'TPI', 'ACONTb', 'FUM')",1.2649350649350604,1,0,1,1,1,1,0,0,1,0
710,"('GAPD', 'PGM', 'ENO', 'TPI', 'ACONTb', 'MDH')",1.2649350649350604,1,0,1,1,1,1,0,0,0,1
711,"('GAPD', 'PGM', 'ENO', 'TPI', 'ACONTa', 'CS')",1.2649350649350604,1,0,1,1,1,0,1,1,0,0
712,"('GAPD', 'PGM', 'ENO', 'TPI', 'ACONTa', 'FUM')",1.2649350649350604,1,0,1,1,1,0,1,0,1,0
713,"('GAPD', 'PGM', 'ENO', 'TPI', 'ACONTa', 'MDH')",1.2649350649350604,1,0,1,1,1,0,1,0,0,1
714,"('GAPD', 'PGM', 'ENO', 'TPI', 'CS', 'FUM')",1.2649350649350604,1,0,1,1,1,0,0,1,1,0
715,"('GAPD', 'PGM', 'ENO', 'TPI', 'CS', 'MDH')",1.2649350649350604,1,0,1,1,1,0,0,1,0,1
716,"('GAPD', 'PGM', 'ENO', 'TPI', 'FUM', 'MDH')",1.2649350649350604,1,0,1,1,1,0,0,0,1,1
717,"('GAPD', 'PGM', 'ENO', 'ACONTb', 'ACONTa', 'CS')",13.638596491227984,1,0,1,1,0,1,1,1,0,0
718,"('GAPD', 'PGM', 'ENO', 'ACONTb', 'ACONTa', 'FUM')",13.63859649122799,1,0,1,1,0,1,1,0,1,0
719,"('GAPD', 'PGM', 'ENO', 'ACONTb', 'ACONTa', 'MDH')",13.63859649122799,1,0,1,1,0,1,1,0,0,1
720,"('GAPD', 'PGM', 'ENO', 'ACONTb', 'CS', 'FUM')",13.63859649122799,1,0,1,1,0,1,0,1,1,0
721,"('GAPD', 'PGM', 'ENO', 'ACONTb', 'CS', 'MDH')",13.63859649122799,1,0,1,1,0,1,0,1,0,1
722,"('GAPD', 'PGM', 'ENO', 'ACONTb', 'FUM', 'MDH')",13.63859649122799,1,0,1,1,0,1,0,0,1,1
723,"('GAPD', 'PGM', 'ENO', 'ACONTa', 'CS', 'FUM')",13.63859649122799,1,0,1,1,0,0,1,1,1,0
724,"('GAPD', 'PGM', 'ENO', 'ACONTa', 'CS', 'MDH')",13.63859649122799,1,0,1,1,0,0,1,1,0,1
725,"('GAPD', 'PGM', 'ENO', 'ACONTa', 'FUM', 'MDH')",13.63859649122799,1,0,1,1,0,0,1,0,1,1
726,"('GAPD', 'PGM', 'ENO', 'CS', 'FUM', 'MDH')",13.63859649122799,1,0,1,1,0,0,0,1,1,1
727,"('GAPD', 'PGM', 'TPI', 'ACONTb', 'ACONTa', 'CS')",1.2649350649350581,1,0,1,0,1,1,1,1,0,0
728,"('GAPD', 'PGM', 'TPI', 'ACONTb', 'ACONTa', 'FUM')",1.2649350649350581,1,0,1,0,1,1,1,0,1,0
729,"('GAPD', 'PGM', 'TPI', 'ACONTb', 'ACONTa', 'MDH')",1.2649350649350581,1,0,1,0,1,1,1,0,0,1
730,"('GAPD', 'PGM', 'TPI', 'ACONTb', 'CS', 'FUM')",1.2649350649350581,1,0,1,0,1,1,0,1,1,0
731,"('GAPD', 'PGM', 'TPI', 'ACONTb', 'CS', 'MDH')",1.2649350649350581,1,0,1,0,1,1,0,1,0,1
732,"('GAPD', 'PGM', 'TPI', 'ACONTb', 'FUM', 'MDH')",1.2649350649350581,1,0,1,0,1,1,0,0,1,1
733,"('GAPD', 'PGM', 'TPI', 'ACONTa', 'CS', 'FUM')",1.2649350649350581,1,0,1,0,1,0,1,1,1,0
734,"('GAPD', 'PGM', 'TPI', 'ACONTa', 'CS', 'MDH')",1.2649350649350581,1,0,1,0,1,0,1,1,0,1
735,"('GAPD', 'PGM', 'TPI', 'ACONTa', 'FUM', 'MDH')",1.2649350649350581,1,0,1,0,1,0,1,0,1,1
736,"('GAPD', 'PGM', 'TPI', 'CS', 'FUM', 'MDH')",1.2649350649350581,1,0,1,0,1,0,0,1,1,1
737,"('GAPD', 'PGM', 'ACONTb', 'ACONTa', 'CS', 'FUM')",13.63859649122805,1,0,1,0,0,1,1,1,1,0
738,"('GAPD', 'PGM', 'ACONTb', 'ACONTa', 'CS', 'MDH')",13.63859649122805,1,0,1,0,0,1,1,1,0,1
739,"('GAPD', 'PGM', 'ACONTb', 'ACONTa', 'FUM', 'MDH')",13.63859649122805,1,0,1,0,0,1,1,0,1,1
740,"('GAPD', 'PGM', 'ACONTb', 'CS', 'FUM', 'MDH')",13.63859649122805,1,0,1,0,0,1,0,1,1,1
741,"('GAPD', 'PGM', 'ACONTa', 'CS', 'FUM', 'MDH')",13.63859649122805,1,0,1,0,0,0,1,1,1,1
742,"('GAPD', 'ENO', 'TPI', 'ACONTb', 'ACONTa', 'CS')",1.26493506493506,1,0,0,1,1,1,1,1,0,0
743,"('GAPD', 'ENO', 'TPI', 'ACONTb', 'ACONTa', 'FUM')",1.26493506493506,1,0,0,1,1,1,1,0,1,0
744,"('GAPD', 'ENO', 'TPI', 'ACONTb', 'ACONTa', 'MDH')",1.26493506493506,1,0,0,1,1,1,1,0,0,1
745,"('GAPD', 'ENO', 'TPI', 'ACONTb', 'CS', 'FUM')",1.26493506493506,1,0,0,1,1,1,0,1,1,0
746,"('GAPD', 'ENO', 'TPI', 'ACONTb', 'CS', 'MDH')",1.26493506493506,1,0,0,1,1,1,0,1,0,1
747,"('GAPD', 'ENO', 'TPI', 'ACONTb', 'FUM', 'MDH')",1.26493506493506,1,0,0,1,1,1,0,0,1,1
748,"('GAPD', 'ENO', 'TPI', 'ACONTa', 'CS', 'FUM')",1.2649350649350612,1,0,0,1,1,0,1,1,1,0
749,"('GAPD', 'ENO', 'TPI', 'ACONTa', 'CS', 'MDH')",1.2649350649350612,1,0,0,1,1,0,1,1,0,1
750,"('GAPD', 'ENO', 'TPI', 'ACONTa', 'FUM', 'MDH')",1.2649350649350612,1,0,0,1,1,0,1,0,1,1
751,"('GAPD', 'ENO', 'TPI', 'CS', 'FUM', 'MDH')",1.2649350649350612,1,0,0,1,1,0,0,1,1,1
752,"('GAPD', 'ENO', 'ACONTb', 'ACONTa', 'CS', 'FUM')",13.638596491228054,1,0,0,1,0,1,1,1,1,0
753,"('GAPD', 'ENO', 'ACONTb', 'ACONTa', 'CS', 'MDH')",13.638596491228054,1,0,0,1,0,1,1,1,0,1
754,"('GAPD', 'ENO', 'ACONTb', 'ACONTa', 'FUM', 'MDH')",13.638596491228054,1,0,0,1,0,1,1,0,1,1
755,"('GAPD', 'ENO', 'ACONTb', 'CS', 'FUM', 'MDH')",13.638596491228054,1,0,0,1,0,1,0,1,1,1
756,"('GAPD', 'ENO', 'ACONTa', 'CS', 'FUM', 'MDH')",13.638596491228054,1,0,0,1,0,0,1,1,1,1
757,"('GAPD', 'TPI', 'ACONTb', 'ACONTa', 'CS', 'FUM')",1.2649350649350624,1,0,0,0,1,1,1,1,1,0
758,"('GAPD', 'TPI', 'ACONTb', 'ACONTa', 'CS', 'MDH')",1.2649350649350624,1,0,0,0,1,1,1,1,0,1
759,"('GAPD', 'TPI', 'ACONTb', 'ACONTa', 'FUM', 'MDH')",1.2649350649350624,1,0,0,0,1,1,1,0,1,1
760,"('GAPD', 'TPI', 'ACONTb', 'CS', 'FUM', 'MDH')",1.2649350649350624,1,0,0,0,1,1,0,1,1,1
761,"('GAPD', 'TPI', 'ACONTa', 'CS', 'FUM', 'MDH')",1.2649350649350624,1,0,0,0,1,0,1,1,1,1
762,"('GAPD', 'ACONTb', 'ACONTa', 'CS', 'FUM', 'MDH')",13.638596491228064,1,0,0,0,0,1,1,1,1,1
763,"('PGK', 'PGM', 'ENO', 'TPI', 'ACONTb', 'ACONTa')",1.2649350649350701,0,1,1,1,1,1,1,0,0,0
764,"('PGK', 'PGM', 'ENO', 'TPI', 'ACONTb', 'CS')",1.2649350649350701,0,1,1,1,1,1,0,1,0,0
765,"('PGK', 'PGM', 'ENO', 'TPI', 'ACONTb', 'FUM')",1.2649350649350701,0,1,1,1,1,1,0,0,1,0
766,"('PGK', 'PGM', 'ENO', 'TPI', 'ACONTb', 'MDH')",1.2649350649350701,0,1,1,1,1,1,0,0,0,1
767,"('PGK', 'PGM', 'ENO', 'TPI', 'ACONTa', 'CS')",1.2649350649350701,0,1,1,1,1,0,1,1,0,0
768,"('PGK', 'PGM', 'ENO', 'TPI', 'ACONTa', 'FUM')",1.2649350649350701,0,1,1,1,1,0,1,0,1,0
769,"('PGK', 'PGM', 'ENO', 'TPI', 'ACONTa', 'MDH')",1.2649350649350701,0,1,1,1,1,0,1,0,0,1
770,"('PGK', 'PGM', 'ENO', 'TPI', 'CS', 'FUM')",1.2649350649350697,0,1,1,1,1,0,0,1,1,0
771,"('PGK', 'PGM', 'ENO', 'TPI', 'CS', 'MDH')",1.2649350649350697,0,1,1,1,1,0,0,1,0,1
772,"('PGK', 'PGM', 'ENO', 'TPI', 'FUM', 'MDH')",1.2649350649350697,0,1,1,1,1,0,0,0,1,1
773,"('PGK', 'PGM', 'ENO', 'ACONTb', 'ACONTa', 'CS')",13.638596491228087,0,1,1,1,0,1,1,1,0,0
774,"('PGK', 'PGM', 'ENO', 'ACONTb', 'ACONTa', 'FUM')",13.638596491228093,0,1,1,1,0,1,1,0,1,0
775,"('PGK', 'PGM', 'ENO', 'ACONTb', 'ACONTa', 'MDH')",13.638596491228093,0,1,1,1,0,1,1,0,0,1
776,"('PGK', 'PGM', 'ENO', 'ACONTb', 'CS', 'FUM')",13.638596491228093,0,1,1,1,0,1,0,1,1,0
777,"('PGK', 'PGM', 'ENO', 'ACONTb', 'CS', 'MDH')",13.638596491228093,0,1,1,1,0,1,0,1,0,1
778,"('PGK', 'PGM', 'ENO', 'ACONTb', 'FUM', 'MDH')",13.638596491228093,0,1,1,1,0,1,0,0,1,1
779,"('PGK', 'PGM', 'ENO', 'ACONTa', 'CS', 'FUM')",13.638596491228093,0,1,1,1,0,0,1,1,1,0
780,"('PGK', 'PGM', 'ENO', 'ACONTa', 'CS', 'MDH')",13.638596491228093,0,1,1,1,0,0,1,1,0,1
781,"('PGK', 'PGM', 'ENO', 'ACONTa', 'FUM', 'MDH')",13.638596491228082,0,1,1,1,0,0,1,0,1,1
782,"('PGK', 'PGM', 'ENO', 'CS', 'FUM', 'MDH')",13.638596491228082,0,1,1,1,0,0,0,1,1,1
783,"('PGK', 'PGM', 'TPI', 'ACONTb', 'ACONTa', 'CS')",1.2649350649350668,0,1,1,0,1,1,1,1,0,0
784,"('PGK', 'PGM', 'TPI', 'ACONTb', 'ACONTa', 'FUM')",1.2649350649350668,0,1,1,0,1,1,1,0,1,0
785,"('PGK', 'PGM', 'TPI', 'ACONTb', 'ACONTa', 'MDH')",1.2649350649350668,0,1,1,0,1,1,1,0,0,1
786,"('PGK', 'PGM', 'TPI', 'ACONTb', 'CS', 'FUM')",1.2649350649350668,0,1,1,0,1,1,0,1,1,0
787,"('PGK', 'PGM', 'TPI', 'ACONTb', 'CS', 'MDH')",1.2649350649350668,0,1,1,0,1,1,0,1,0,1
788,"('PGK', 'PGM', 'TPI', 'ACONTb', 'FUM', 'MDH')",1.2649350649350668,0,1,1,0,1,1,0,0,1,1
789,"('PGK', 'PGM', 'TPI', 'ACONTa', 'CS', 'FUM')",1.2649350649350668,0,1,1,0,1,0,1,1,1,0
790,"('PGK', 'PGM', 'TPI', 'ACONTa', 'CS', 'MDH')",1.2649350649350668,0,1,1,0,1,0,1,1,0,1
791,"('PGK', 'PGM', 'TPI', 'ACONTa', 'FUM', 'MDH')",1.2649350649350668,0,1,1,0,1,0,1,0,1,1
792,"('PGK', 'PGM', 'TPI', 'CS', 'FUM', 'MDH')",1.2649350649350668,0,1,1,0,1,0,0,1,1,1
793,"('PGK', 'PGM', 'ACONTb', 'ACONTa', 'CS', 'FUM')",13.63859649122808,0,1,1,0,0,1,1,1,1,0
794,"('PGK', 'PGM', 'ACONTb', 'ACONTa', 'CS', 'MDH')",13.63859649122808,0,1,1,0,0,1,1,1,0,1
795,"('PGK', 'PGM', 'ACONTb', 'ACONTa', 'FUM', 'MDH')",13.63859649122808,0,1,1,0,0,1,1,0,1,1
796,"('PGK', 'PGM', 'ACONTb', 'CS', 'FUM', 'MDH')",13.63859649122808,0,1,1,0,0,1,0,1,1,1
797,"('PGK', 'PGM', 'ACONTa', 'CS', 'FUM', 'MDH')",13.638596491228082,0,1,1,0,0,0,1,1,1,1
798,"('PGK', 'ENO', 'TPI', 'ACONTb', 'ACONTa', 'CS')",1.2649350649350661,0,1,0,1,1,1,1,1,0,0
799,"('PGK', 'ENO', 'TPI', 'ACONTb', 'ACONTa', 'FUM')",1.2649350649350661,0,1,0,1,1,1,1,0,1,0
800,"('PGK', 'ENO', 'TPI', 'ACONTb', 'ACONTa', 'MDH')",1.2649350649350661,0,1,0,1,1,1,1,0,0,1
801,"('PGK', 'ENO', 'TPI', 'ACONTb', 'CS', 'FUM')",1.2649350649350657,0,1,0,1,1,1,0,1,1,0
802,"('PGK', 'ENO', 'TPI', 'ACONTb', 'CS', 'MDH')",1.2649350649350657,0,1,0,1,1,1,0,1,0,1
803,"('PGK', 'ENO', 'TPI', 'ACONTb', 'FUM', 'MDH')",1.2649350649350657,0,1,0,1,1,1,0,0,1,1
804,"('PGK', 'ENO', 'TPI', 'ACONTa', 'CS', 'FUM')",1.2649350649350652,0,1,0,1,1,0,1,1,1,0
805,"('PGK', 'ENO', 'TPI', 'ACONTa', 'CS', 'MDH')",1.2649350649350652,0,1,0,1,1,0,1,1,0,1
806,"('PGK', 'ENO', 'TPI', 'ACONTa', 'FUM', 'MDH')",1.2649350649350652,0,1,0,1,1,0,1,0,1,1
807,"('PGK', 'ENO', 'TPI', 'CS', 'FUM', 'MDH')",1.2649350649350652,0,1,0,1,1,0,0,1,1,1
808,"('PGK', 'ENO', 'ACONTb', 'ACONTa', 'CS', 'FUM')",13.63859649122811,0,1,0,1,0,1,1,1,1,0
809,"('PGK', 'ENO', 'ACONTb', 'ACONTa', 'CS', 'MDH')",13.63859649122811,0,1,0,1,0,1,1,1,0,1
810,"('PGK', 'ENO', 'ACONTb', 'ACONTa', 'FUM', 'MDH')",13.63859649122811,0,1,0,1,0,1,1,0,1,1
811,"('PGK', 'ENO', 'ACONTb', 'CS', 'FUM', 'MDH')",13.63859649122811,0,1,0,1,0,1,0,1,1,1
812,"('PGK', 'ENO', 'ACONTa', 'CS', 'FUM', 'MDH')",13.63859649122811,0,1,0,1,0,0,1,1,1,1
813,"('PGK', 'TPI', 'ACONTb', 'ACONTa', 'CS', 'FUM')",1.264935064935074,0,1,0,0,1,1,1,1,1,0
814,"('PGK', 'TPI', 'ACONTb', 'ACONTa', 'CS', 'MDH')",1.264935064935074,0,1,0,0,1,1,1,1,0,1
815,"('PGK', 'TPI', 'ACONTb', 'ACONTa', 'FUM', 'MDH')",1.264935064935074,0,1,0,0,1,1,1,0,1,1
816,"('PGK', 'TPI', 'ACONTb', 'CS', 'FUM', 'MDH')",1.2649350649350726,0,1,0,0,1,1,0,1,1,1
817,"('PGK', 'TPI', 'ACONTa', 'CS', 'FUM', 'MDH')",1.2649350649350726,0,1,0,0,1,0,1,1,1,1
818,"('PGK', 'ACONTb', 'ACONTa', 'CS', 'FUM', 'MDH')",13.63859649122808,0,1,0,0,0,1,1,1,1,1
819,"('PGM', 'ENO', 'TPI', 'ACONTb', 'ACONTa', 'CS')",14.340350877192984,0,0,1,1,1,1,1,1,0,0
820,"('PGM', 'ENO', 'TPI', 'ACONTb', 'ACONTa', 'FUM')",14.340350877192984,0,0,1,1,1,1,1,0,1,0
821,"('PGM', 'ENO', 'TPI', 'ACONTb', 'ACONTa', 'MDH')",14.340350877192984,0,0,1,1,1,1,1,0,0,1
822,"('PGM', 'ENO', 'TPI', 'ACONTb', 'CS', 'FUM')",14.340350877192984,0,0,1,1,1,1,0,1,1,0
823,"('PGM', 'ENO', 'TPI', 'ACONTb', 'CS', 'MDH')",14.340350877192984,0,0,1,1,1,1,0,1,0,1
824,"('PGM', 'ENO', 'TPI', 'ACONTb', 'FUM', 'MDH')",14.340350877192984,0,0,1,1,1,1,0,0,1,1
825,"('PGM', 'ENO', 'TPI', 'ACONTa', 'CS', 'FUM')",14.340350877192984,0,0,1,1,1,0,1,1,1,0
826,"('PGM', 'ENO', 'TPI', 'ACONTa', 'CS', 'MDH')",14.340350877192984,0,0,1,1,1,0,1,1,0,1
827,"('PGM', 'ENO', 'TPI', 'ACONTa', 'FUM', 'MDH')",14.340350877192984,0,0,1,1,1,0,1,0,1,1
828,"('PGM', 'ENO', 'TPI', 'CS', 'FUM', 'MDH')",14.340350877192984,0,0,1,1,1,0,0,1,1,1
829,"('PGM', 'ENO', 'ACONTb', 'ACONTa', 'CS', 'FUM')",14.340350877192984,0,0,1,1,0,1,1,1,1,0
830,"('PGM', 'ENO', 'ACONTb', 'ACONTa', 'CS', 'MDH')",14.340350877192984,0,0,1,1,0,1,1,1,0,1
831,"('PGM', 'ENO', 'ACONTb', 'ACONTa', 'FUM', 'MDH')",14.340350877192984,0,0,1,1,0,1,1,0,1,1
832,"('PGM', 'ENO', 'ACONTb', 'CS', 'FUM', 'MDH')",14.340350877192984,0,0,1,1,0,1,0,1,1,1
833,"('PGM', 'ENO', 'ACONTa', 'CS', 'FUM', 'MDH')",14.340350877192984,0,0,1,1,0,0,1,1,1,1
834,"('PGM', 'TPI', 'ACONTb', 'ACONTa', 'CS', 'FUM')",14.340350877192984,0,0,1,0,1,1,1,1,1,0
835,"('PGM', 'TPI', 'ACONTb', 'ACONTa', 'CS', 'MDH')",14.340350877192984,0,0,1,0,1,1,1,1,0,1
836,"('PGM', 'TPI', 'ACONTb', 'ACONTa', 'FUM', 'MDH')",14.340350877192984,0,0,1,0,1,1,1,0,1,1
837,"('PGM', 'TPI', 'ACONTb', 'CS', 'FUM', 'MDH')",14.340350877192984,0,0,1,0,1,1,0,1,1,1
838,"('PGM', 'TPI', 'ACONTa', 'CS', 'FUM', 'MDH')",14.340350877192984,0,0,1,0,1,0,1,1,1,1
839,"('PGM', 'ACONTb', 'ACONTa', 'CS', 'FUM', 'MDH')",14.340350877192984,0,0,1,0,0,1,1,1,1,1
840,"('ENO', 'TPI', 'ACONTb', 'ACONTa', 'CS', 'FUM')",14.340350877192984,0,0,0,1,1,1,1,1,1,0
841,"('ENO', 'TPI', 'ACONTb', 'ACONTa', 'CS', 'MDH')",14.340350877192984,0,0,0,1,1,1,1,1,0,1
842,"('ENO', 'TPI', 'ACONTb', 'ACONTa', 'FUM', 'MDH')",14.340350877192984,0,0,0,1,1,1,1,0,1,1
843,"('ENO', 'TPI', 'ACONTb', 'CS', 'FUM', 'MDH')",14.340350877192984,0,0,0,1,1,1,0,1,1,1
844,"('ENO', 'TPI', 'ACONTa', 'CS', 'FUM', 'MDH')",14.340350877192984,0,0,0,1,1,0,1,1,1,1
845,"('ENO', 'ACONTb', 'ACONTa', 'CS', 'FUM', 'MDH')",14.340350877192984,0,0,0,1,0,1,1,1,1,1
846,"('TPI', 'ACONTb', 'ACONTa', 'CS', 'FUM', 'MDH')",15.743859649122816,0,0,0,0,1,1,1,1,1,1
847,"('GAPD', 'PGK', 'PGM', 'ENO', 'TPI', 'ACONTb', 'ACONTa')",1.264935064935064,1,1,1,1,1,1,1,0,0,0
848,"('GAPD', 'PGK', 'PGM', 'ENO', 'TPI', 'ACONTb', 'CS')",1.264935064935064,1,1,1,1,1,1,0,1,0,0
849,"('GAPD', 'PGK', 'PGM', 'ENO', 'TPI', 'ACONTb', 'FUM')",1.264935064935064,1,1,1,1,1,1,0,0,1,0
850,"('GAPD', 'PGK', 'PGM', 'ENO', 'TPI', 'ACONTb', 'MDH')",1.264935064935064,1,1,1,1,1,1,0,0,0,1
851,"('GAPD', 'PGK', 'PGM', 'ENO', 'TPI', 'ACONTa', 'CS')",1.264935064935064,1,1,1,1,1,0,1,1,0,0
852,"('GAPD', 'PGK', 'PGM', 'ENO', 'TPI', 'ACONTa', 'FUM')",1.264935064935064,1,1,1,1,1,0,1,0,1,0
853,"('GAPD', 'PGK', 'PGM', 'ENO', 'TPI', 'ACONTa', 'MDH')",1.264935064935064,1,1,1,1,1,0,1,0,0,1
854,"('GAPD', 'PGK', 'PGM', 'ENO', 'TPI', 'CS', 'FUM')",1.264935064935064,1,1,1,1,1,0,0,1,1,0
855,"('GAPD', 'PGK', 'PGM', 'ENO', 'TPI', 'CS', 'MDH')",1.264935064935064,1,1,1,1,1,0,0,1,0,1
856,"('GAPD', 'PGK', 'PGM', 'ENO', 'TPI', 'FUM', 'MDH')",1.264935064935064,1,1,1,1,1,0,0,0,1,1
857,"('GAPD', 'PGK', 'PGM', 'ENO', 'ACONTb', 'ACONTa', 'CS')",13.638596491228084,1,1,1,1,0,1,1,1,0,0
858,"('GAPD', 'PGK', 'PGM', 'ENO', 'ACONTb', 'ACONTa', 'FUM')",13.638596491228084,1,1,1,1,0,1,1,0,1,0
859,"('GAPD', 'PGK', 'PGM', 'ENO', 'ACONTb', 'ACONTa', 'MDH')",13.638596491228084,1,1,1,1,0,1,1,0,0,1
860,"('GAPD', 'PGK', 'PGM', 'ENO', 'ACONTb', 'CS', 'FUM')",13.638596491228084,1,1,1,1,0,1,0,1,1,0
861,"('GAPD', 'PGK', 'PGM', 'ENO', 'ACONTb', 'CS', 'MDH')",13.638596491228084,1,1,1,1,0,1,0,1,0,1
862,"('GAPD', 'PGK', 'PGM', 'ENO', 'ACONTb', 'FUM', 'MDH')",13.638596491228084,1,1,1,1,0,1,0,0,1,1
863,"('GAPD', 'PGK', 'PGM', 'ENO', 'ACONTa', 'CS', 'FUM')",13.638596491228084,1,1,1,1,0,0,1,1,1,0
864,"('GAPD', 'PGK', 'PGM', 'ENO', 'ACONTa', 'CS', 'MDH')",13.638596491228084,1,1,1,1,0,0,1,1,0,1
865,"('GAPD', 'PGK', 'PGM', 'ENO', 'ACONTa', 'FUM', 'MDH')",13.638596491228084,1,1,1,1,0,0,1,0,1,1
866,"('GAPD', 'PGK', 'PGM', 'ENO', 'CS', 'FUM', 'MDH')",13.638596491228084,1,1,1,1,0,0,0,1,1,1
867,"('GAPD', 'PGK', 'PGM', 'TPI', 'ACONTb', 'ACONTa', 'CS')",1.2649350649350664,1,1,1,0,1,1,1,1,0,0
868,"('GAPD', 'PGK', 'PGM', 'TPI', 'ACONTb', 'ACONTa', 'FUM')",1.2649350649350664,1,1,1,0,1,1,1,0,1,0
869,"('GAPD', 'PGK', 'PGM', 'TPI', 'ACONTb', 'ACONTa', 'MDH')",1.2649350649350664,1,1,1,0,1,1,1,0,0,1
870,"('GAPD', 'PGK', 'PGM', 'TPI', 'ACONTb', 'CS', 'FUM')",1.2649350649350664,1,1,1,0,1,1,0,1,1,0
871,"('GAPD', 'PGK', 'PGM', 'TPI', 'ACONTb', 'CS', 'MDH')",1.2649350649350664,1,1,1,0,1,1,0,1,0,1
872,"('GAPD', 'PGK', 'PGM', 'TPI', 'ACONTb', 'FUM', 'MDH')",1.2649350649350664,1,1,1,0,1,1,0,0,1,1
873,"('GAPD', 'PGK', 'PGM', 'TPI', 'ACONTa', 'CS', 'FUM')",1.2649350649350664,1,1,1,0,1,0,1,1,1,0
874,"('GAPD', 'PGK', 'PGM', 'TPI', 'ACONTa', 'CS', 'MDH')",1.2649350649350664,1,1,1,0,1,0,1,1,0,1
875,"('GAPD', 'PGK', 'PGM', 'TPI', 'ACONTa', 'FUM', 'MDH')",1.2649350649350664,1,1,1,0,1,0,1,0,1,1
876,"('GAPD', 'PGK', 'PGM', 'TPI', 'CS', 'FUM', 'MDH')",1.2649350649350664,1,1,1,0,1,0,0,1,1,1
877,"('GAPD', 'PGK', 'PGM', 'ACONTb', 'ACONTa', 'CS', 'FUM')",13.638596491228148,1,1,1,0,0,1,1,1,1,0
878,"('GAPD', 'PGK', 'PGM', 'ACONTb', 'ACONTa', 'CS', 'MDH')",13.638596491228148,1,1,1,0,0,1,1,1,0,1
879,"('GAPD', 'PGK', 'PGM', 'ACONTb', 'ACONTa', 'FUM', 'MDH')",13.638596491228142,1,1,1,0,0,1,1,0,1,1
880,"('GAPD', 'PGK', 'PGM', 'ACONTb', 'CS', 'FUM', 'MDH')",13.638596491228142,1,1,1,0,0,1,0,1,1,1
881,"('GAPD', 'PGK', 'PGM', 'ACONTa', 'CS', 'FUM', 'MDH')",13.638596491228142,1,1,1,0,0,0,1,1,1,1
882,"('GAPD', 'PGK', 'ENO', 'TPI', 'ACONTb', 'ACONTa', 'CS')",1.2649350649350737,1,1,0,1,1,1,1,1,0,0
883,"('GAPD', 'PGK', 'ENO', 'TPI', 'ACONTb', 'ACONTa', 'FUM')",1.2649350649350737,1,1,0,1,1,1,1,0,1,0
884,"('GAPD', 'PGK', 'ENO', 'TPI', 'ACONTb', 'ACONTa', 'MDH')",1.2649350649350737,1,1,0,1,1,1,1,0,0,1
885,"('GAPD', 'PGK', 'ENO', 'TPI', 'ACONTb', 'CS', 'FUM')",1.2649350649350761,1,1,0,1,1,1,0,1,1,0
886,"('GAPD', 'PGK', 'ENO', 'TPI', 'ACONTb', 'CS', 'MDH')",1.2649350649350761,1,1,0,1,1,1,0,1,0,1
887,"('GAPD', 'PGK', 'ENO', 'TPI', 'ACONTb', 'FUM', 'MDH')",1.2649350649350761,1,1,0,1,1,1,0,0,1,1
888,"('GAPD', 'PGK', 'ENO', 'TPI', 'ACONTa', 'CS', 'FUM')",1.2649350649350761,1,1,0,1,1,0,1,1,1,0
889,"('GAPD', 'PGK', 'ENO', 'TPI', 'ACONTa', 'CS', 'MDH')",1.2649350649350761,1,1,0,1,1,0,1,1,0,1
890,"('GAPD', 'PGK', 'ENO', 'TPI', 'ACONTa', 'FUM', 'MDH')",1.2649350649350761,1,1,0,1,1,0,1,0,1,1
891,"('GAPD', 'PGK', 'ENO', 'TPI', 'CS', 'FUM', 'MDH')",1.2649350649350761,1,1,0,1,1,0,0,1,1,1
892,"('GAPD', 'PGK', 'ENO', 'ACONTb', 'ACONTa', 'CS', 'FUM')",13.638596491228085,1,1,0,1,0,1,1,1,1,0
893,"('GAPD', 'PGK', 'ENO', 'ACONTb', 'ACONTa', 'CS', 'MDH')",13.638596491228085,1,1,0,1,0,1,1,1,0,1
894,"('GAPD', 'PGK', 'ENO', 'ACONTb', 'ACONTa', 'FUM', 'MDH')",13.638596491228085,1,1,0,1,0,1,1,0,1,1
895,"('GAPD', 'PGK', 'ENO', 'ACONTb', 'CS', 'FUM', 'MDH')",13.638596491228085,1,1,0,1,0,1,0,1,1,1
896,"('GAPD', 'PGK', 'ENO', 'ACONTa', 'CS', 'FUM', 'MDH')",13.638596491228085,1,1,0,1,0,0,1,1,1,1
897,"('GAPD', 'PGK', 'TPI', 'ACONTb', 'ACONTa', 'CS', 'FUM')",1.2649350649350657,1,1,0,0,1,1,1,1,1,0
898,"('GAPD', 'PGK', 'TPI', 'ACONTb', 'ACONTa', 'CS', 'MDH')",1.2649350649350657,1,1,0,0,1,1,1,1,0,1
899,"('GAPD', 'PGK', 'TPI', 'ACONTb', 'ACONTa', 'FUM', 'MDH')",1.2649350649350657,1,1,0,0,1,1,1,0,1,1
900,"('GAPD', 'PGK', 'TPI', 'ACONTb', 'CS', 'FUM', 'MDH')",1.2649350649350657,1,1,0,0,1,1,0,1,1,1
901,"('GAPD', 'PGK', 'TPI', 'ACONTa', 'CS', 'FUM', 'MDH')",1.2649350649350657,1,1,0,0,1,0,1,1,1,1
902,"('GAPD', 'PGK', 'ACONTb', 'ACONTa', 'CS', 'FUM', 'MDH')",13.638596491228062,1,1,0,0,0,1,1,1,1,1
903,"('GAPD', 'PGM', 'ENO', 'TPI', 'ACONTb', 'ACONTa', 'CS')",1.2649350649350737,1,0,1,1,1,1,1,1,0,0
904,"('GAPD', 'PGM', 'ENO', 'TPI', 'ACONTb', 'ACONTa', 'FUM')",1.2649350649350737,1,0,1,1,1,1,1,0,1,0
905,"('GAPD', 'PGM', 'ENO', 'TPI', 'ACONTb', 'ACONTa', 'MDH')",1.2649350649350737,1,0,1,1,1,1,1,0,0,1
906,"('GAPD', 'PGM', 'ENO', 'TPI', 'ACONTb', 'CS', 'FUM')",1.2649350649350737,1,0,1,1,1,1,0,1,1,0
907,"('GAPD', 'PGM', 'ENO', 'TPI', 'ACONTb', 'CS', 'MDH')",1.2649350649350737,1,0,1,1,1,1,0,1,0,1
908,"('GAPD', 'PGM', 'ENO', 'TPI', 'ACONTb', 'FUM', 'MDH')",1.2649350649350737,1,0,1,1,1,1,0,0,1,1
909,"('GAPD', 'PGM', 'ENO', 'TPI', 'ACONTa', 'CS', 'FUM')",1.2649350649350737,1,0,1,1,1,0,1,1,1,0
910,"('GAPD', 'PGM', 'ENO', 'TPI', 'ACONTa', 'CS', 'MDH')",1.2649350649350737,1,0,1,1,1,0,1,1,0,1
911,"('GAPD', 'PGM', 'ENO', 'TPI', 'ACONTa', 'FUM', 'MDH')",1.2649350649350737,1,0,1,1,1,0,1,0,1,1
912,"('GAPD', 'PGM', 'ENO', 'TPI', 'CS', 'FUM', 'MDH')",1.2649350649350737,1,0,1,1,1,0,0,1,1,1
913,"('GAPD', 'PGM', 'ENO', 'ACONTb', 'ACONTa', 'CS', 'FUM')",13.638596491228041,1,0,1,1,0,1,1,1,1,0
914,"('GAPD', 'PGM', 'ENO', 'ACONTb', 'ACONTa', 'CS', 'MDH')",13.638596491228041,1,0,1,1,0,1,1,1,0,1
915,"('GAPD', 'PGM', 'ENO', 'ACONTb', 'ACONTa', 'FUM', 'MDH')",13.638596491228041,1,0,1,1,0,1,1,0,1,1
916,"('GAPD', 'PGM', 'ENO', 'ACONTb', 'CS', 'FUM', 'MDH')",13.638596491228041,1,0,1,1,0,1,0,1,1,1
917,"('GAPD', 'PGM', 'ENO', 'ACONTa', 'CS', 'FUM', 'MDH')",13.638596491228057,1,0,1,1,0,0,1,1,1,1
918,"('GAPD', 'PGM', 'TPI', 'ACONTb', 'ACONTa', 'CS', 'FUM')",1.2649350649350644,1,0,1,0,1,1,1,1,1,0
919,"('GAPD', 'PGM', 'TPI', 'ACONTb', 'ACONTa', 'CS', 'MDH')",1.2649350649350644,1,0,1,0,1,1,1,1,0,1
920,"('GAPD', 'PGM', 'TPI', 'ACONTb', 'ACONTa', 'FUM', 'MDH')",1.2649350649350644,1,0,1,0,1,1,1,0,1,1
921,"('GAPD', 'PGM', 'TPI', 'ACONTb', 'CS', 'FUM', 'MDH')",1.2649350649350644,1,0,1,0,1,1,0,1,1,1
922,"('GAPD', 'PGM', 'TPI', 'ACONTa', 'CS', 'FUM', 'MDH')",1.2649350649350644,1,0,1,0,1,0,1,1,1,1
923,"('GAPD', 'PGM', 'ACONTb', 'ACONTa', 'CS', 'FUM', 'MDH')",13.638596491228029,1,0,1,0,0,1,1,1,1,1
924,"('GAPD', 'ENO', 'TPI', 'ACONTb', 'ACONTa', 'CS', 'FUM')",1.264935064935077,1,0,0,1,1,1,1,1,1,0
925,"('GAPD', 'ENO', 'TPI', 'ACONTb', 'ACONTa', 'CS', 'MDH')",1.264935064935077,1,0,0,1,1,1,1,1,0,1
926,"('GAPD', 'ENO', 'TPI', 'ACONTb', 'ACONTa', 'FUM', 'MDH')",1.264935064935077,1,0,0,1,1,1,1,0,1,1
927,"('GAPD', 'ENO', 'TPI', 'ACONTb', 'CS', 'FUM', 'MDH')",1.2649350649350775,1,0,0,1,1,1,0,1,1,1
928,"('GAPD', 'ENO', 'TPI', 'ACONTa', 'CS', 'FUM', 'MDH')",1.2649350649350775,1,0,0,1,1,0,1,1,1,1
929,"('GAPD', 'ENO', 'ACONTb', 'ACONTa', 'CS', 'FUM', 'MDH')",13.638596491228073,1,0,0,1,0,1,1,1,1,1
930,"('GAPD', 'TPI', 'ACONTb', 'ACONTa', 'CS', 'FUM', 'MDH')",1.264935064935059,1,0,0,0,1,1,1,1,1,1
931,"('PGK', 'PGM', 'ENO', 'TPI', 'ACONTb', 'ACONTa', 'CS')",1.264935064935059,0,1,1,1,1,1,1,1,0,0
932,"('PGK', 'PGM', 'ENO', 'TPI', 'ACONTb', 'ACONTa', 'FUM')",1.264935064935059,0,1,1,1,1,1,1,0,1,0
933,"('PGK', 'PGM', 'ENO', 'TPI', 'ACONTb', 'ACONTa', 'MDH')",1.264935064935059,0,1,1,1,1,1,1,0,0,1
934,"('PGK', 'PGM', 'ENO', 'TPI', 'ACONTb', 'CS', 'FUM')",1.264935064935059,0,1,1,1,1,1,0,1,1,0
935,"('PGK', 'PGM', 'ENO', 'TPI', 'ACONTb', 'CS', 'MDH')",1.264935064935059,0,1,1,1,1,1,0,1,0,1
936,"('PGK', 'PGM', 'ENO', 'TPI', 'ACONTb', 'FUM', 'MDH')",1.264935064935059,0,1,1,1,1,1,0,0,1,1
937,"('PGK', 'PGM', 'ENO', 'TPI', 'ACONTa', 'CS', 'FUM')",1.264935064935059,0,1,1,1,1,0,1,1,1,0
938,"('PGK', 'PGM', 'ENO', 'TPI', 'ACONTa', 'CS', 'MDH')",1.264935064935059,0,1,1,1,1,0,1,1,0,1
939,"('PGK', 'PGM', 'ENO', 'TPI', 'ACONTa', 'FUM', 'MDH')",1.264935064935059,0,1,1,1,1,0,1,0,1,1
940,"('PGK', 'PGM', 'ENO', 'TPI', 'CS', 'FUM', 'MDH')",1.264935064935059,0,1,1,1,1,0,0,1,1,1
941,"('PGK', 'PGM', 'ENO', 'ACONTb', 'ACONTa', 'CS', 'FUM')",13.638596491228094,0,1,1,1,0,1,1,1,1,0
942,"('PGK', 'PGM', 'ENO', 'ACONTb', 'ACONTa', 'CS', 'MDH')",13.638596491228094,0,1,1,1,0,1,1,1,0,1
943,"('PGK', 'PGM', 'ENO', 'ACONTb', 'ACONTa', 'FUM', 'MDH')",13.638596491228094,0,1,1,1,0,1,1,0,1,1
944,"('PGK', 'PGM', 'ENO', 'ACONTb', 'CS', 'FUM', 'MDH')",13.638596491228094,0,1,1,1,0,1,0,1,1,1
945,"('PGK', 'PGM', 'ENO', 'ACONTa', 'CS', 'FUM', 'MDH')",13.638596491228094,0,1,1,1,0,0,1,1,1,1
946,"('PGK', 'PGM', 'TPI', 'ACONTb', 'ACONTa', 'CS', 'FUM')",1.2649350649350664,0,1,1,0,1,1,1,1,1,0
947,"('PGK', 'PGM', 'TPI', 'ACONTb', 'ACONTa', 'CS', 'MDH')",1.2649350649350664,0,1,1,0,1,1,1,1,0,1
948,"('PGK', 'PGM', 'TPI', 'ACONTb', 'ACONTa', 'FUM', 'MDH')",1.2649350649350664,0,1,1,0,1,1,1,0,1,1
949,"('PGK', 'PGM', 'TPI', 'ACONTb', 'CS', 'FUM', 'MDH')",1.264935064935065,0,1,1,0,1,1,0,1,1,1
950,"('PGK', 'PGM', 'TPI', 'ACONTa', 'CS', 'FUM', 'MDH')",1.264935064935065,0,1,1,0,1,0,1,1,1,1
951,"('PGK', 'PGM', 'ACONTb', 'ACONTa', 'CS', 'FUM', 'MDH')",13.638596491228066,0,1,1,0,0,1,1,1,1,1
952,"('PGK', 'ENO', 'TPI', 'ACONTb', 'ACONTa', 'CS', 'FUM')",1.264935064935064,0,1,0,1,1,1,1,1,1,0
953,"('PGK', 'ENO', 'TPI', 'ACONTb', 'ACONTa', 'CS', 'MDH')",1.264935064935064,0,1,0,1,1,1,1,1,0,1
954,"('PGK', 'ENO', 'TPI', 'ACONTb', 'ACONTa', 'FUM', 'MDH')",1.264935064935064,0,1,0,1,1,1,1,0,1,1
955,"('PGK', 'ENO', 'TPI', 'ACONTb', 'CS', 'FUM', 'MDH')",1.264935064935064,0,1,0,1,1,1,0,1,1,1
956,"('PGK', 'ENO', 'TPI', 'ACONTa', 'CS', 'FUM', 'MDH')",1.264935064935064,0,1,0,1,1,0,1,1,1,1
957,"('PGK', 'ENO', 'ACONTb', 'ACONTa', 'CS', 'FUM', 'MDH')",13.638596491228082,0,1,0,1,0,1,1,1,1,1
958,"('PGK', 'TPI', 'ACONTb', 'ACONTa', 'CS', 'FUM', 'MDH')",1.2649350649350617,0,1,0,0,1,1,1,1,1,1
959,"('PGM', 'ENO', 'TPI', 'ACONTb', 'ACONTa', 'CS', 'FUM')",14.340350877192988,0,0,1,1,1,1,1,1,1,0
960,"('PGM', 'ENO', 'TPI', 'ACONTb', 'ACONTa', 'CS', 'MDH')",14.340350877192988,0,0,1,1,1,1,1,1,0,1
961,"('PGM', 'ENO', 'TPI', 'ACONTb', 'ACONTa', 'FUM', 'MDH')",14.340350877192988,0,0,1,1,1,1,1,0,1,1
962,"('PGM', 'ENO', 'TPI', 'ACONTb', 'CS', 'FUM', 'MDH')",14.340350877192988,0,0,1,1,1,1,0,1,1,1
963,"('PGM', 'ENO', 'TPI', 'ACONTa', 'CS', 'FUM', 'MDH')",14.340350877192988,0,0,1,1,1,0,1,1,1,1
964,"('PGM', 'ENO', 'ACONTb', 'ACONTa', 'CS', 'FUM', 'MDH')",14.340350877192988,0,0,1,1,0,1,1,1,1,1
965,"('PGM', 'TPI', 'ACONTb', 'ACONTa', 'CS', 'FUM', 'MDH')",14.340350877192988,0,0,1,0,1,1,1,1,1,1
966,"('ENO', 'TPI', 'ACONTb', 'ACONTa', 'CS', 'FUM', 'MDH')",14.340350877192988,0,0,0,1,1,1,1,1,1,1
967,"('GAPD', 'PGK', 'PGM', 'ENO', 'TPI', 'ACONTb', 'ACONTa', 'CS')",1.2649350649350664,1,1,1,1,1,1,1,1,0,0
968,"('GAPD', 'PGK', 'PGM', 'ENO', 'TPI', 'ACONTb', 'ACONTa', 'FUM')",1.2649350649350664,1,1,1,1,1,1,1,0,1,0
969,"('GAPD', 'PGK', 'PGM', 'ENO', 'TPI', 'ACONTb', 'ACONTa', 'MDH')",1.2649350649350664,1,1,1,1,1,1,1,0,0,1
970,"('GAPD', 'PGK', 'PGM', 'ENO', 'TPI', 'ACONTb', 'CS', 'FUM')",1.2649350649350664,1,1,1,1,1,1,0,1,1,0
971,"('GAPD', 'PGK', 'PGM', 'ENO', 'TPI', 'ACONTb', 'CS', 'MDH')",1.2649350649350664,1,1,1,1,1,1,0,1,0,1
972,"('GAPD', 'PGK', 'PGM', 'ENO', 'TPI', 'ACONTb', 'FUM', 'MDH')",1.2649350649350664,1,1,1,1,1,1,0,0,1,1
973,"('GAPD', 'PGK', 'PGM', 'ENO', 'TPI', 'ACONTa', 'CS', 'FUM')",1.2649350649350668,1,1,1,1,1,0,1,1,1,0
974,"('GAPD', 'PGK', 'PGM', 'ENO', 'TPI', 'ACONTa', 'CS', 'MDH')",1.2649350649350668,1,1,1,1,1,0,1,1,0,1
975,"('GAPD', 'PGK', 'PGM', 'ENO', 'TPI', 'ACONTa', 'FUM', 'MDH')",1.2649350649350668,1,1,1,1,1,0,1,0,1,1
976,"('GAPD', 'PGK', 'PGM', 'ENO', 'TPI', 'CS', 'FUM', 'MDH')",1.2649350649350668,1,1,1,1,1,0,0,1,1,1
977,"('GAPD', 'PGK', 'PGM', 'ENO', 'ACONTb', 'ACONTa', 'CS', 'FUM')",13.638596491228075,1,1,1,1,0,1,1,1,1,0
978,"('GAPD', 'PGK', 'PGM', 'ENO', 'ACONTb', 'ACONTa', 'CS', 'MDH')",13.638596491228062,1,1,1,1,0,1,1,1,0,1
979,"('GAPD', 'PGK', 'PGM', 'ENO', 'ACONTb', 'ACONTa', 'FUM', 'MDH')",13.638596491228062,1,1,1,1,0,1,1,0,1,1
980,"('GAPD', 'PGK', 'PGM', 'ENO', 'ACONTb', 'CS', 'FUM', 'MDH')",13.638596491228062,1,1,1,1,0,1,0,1,1,1
981,"('GAPD', 'PGK', 'PGM', 'ENO', 'ACONTa', 'CS', 'FUM', 'MDH')",13.63859649122807,1,1,1,1,0,0,1,1,1,1
982,"('GAPD', 'PGK', 'PGM', 'TPI', 'ACONTb', 'ACONTa', 'CS', 'FUM')",1.2649350649350668,1,1,1,0,1,1,1,1,1,0
983,"('GAPD', 'PGK', 'PGM', 'TPI', 'ACONTb', 'ACONTa', 'CS', 'MDH')",1.2649350649350668,1,1,1,0,1,1,1,1,0,1
984,"('GAPD', 'PGK', 'PGM', 'TPI', 'ACONTb', 'ACONTa', 'FUM', 'MDH')",1.2649350649350668,1,1,1,0,1,1,1,0,1,1
985,"('GAPD', 'PGK', 'PGM', 'TPI', 'ACONTb', 'CS', 'FUM', 'MDH')",1.2649350649350668,1,1,1,0,1,1,0,1,1,1
986,"('GAPD', 'PGK', 'PGM', 'TPI', 'ACONTa', 'CS', 'FUM', 'MDH')",1.2649350649350668,1,1,1,0,1,0,1,1,1,1
987,"('GAPD', 'PGK', 'PGM', 'ACONTb', 'ACONTa', 'CS', 'FUM', 'MDH')",13.638596491228073,1,1,1,0,0,1,1,1,1,1
988,"('GAPD', 'PGK', 'ENO', 'TPI', 'ACONTb', 'ACONTa', 'CS', 'FUM')",1.2649350649350688,1,1,0,1,1,1,1,1,1,0
989,"('GAPD', 'PGK', 'ENO', 'TPI', 'ACONTb', 'ACONTa', 'CS', 'MDH')",1.2649350649350688,1,1,0,1,1,1,1,1,0,1
990,"('GAPD', 'PGK', 'ENO', 'TPI', 'ACONTb', 'ACONTa', 'FUM', 'MDH')",1.2649350649350688,1,1,0,1,1,1,1,0,1,1
991,"('GAPD', 'PGK', 'ENO', 'TPI', 'ACONTb', 'CS', 'FUM', 'MDH')",1.2649350649350612,1,1,0,1,1,1,0,1,1,1
992,"('GAPD', 'PGK', 'ENO', 'TPI', 'ACONTa', 'CS', 'FUM', 'MDH')",1.2649350649350612,1,1,0,1,1,0,1,1,1,1
993,"('GAPD', 'PGK', 'ENO', 'ACONTb', 'ACONTa', 'CS', 'FUM', 'MDH')",13.638596491228062,1,1,0,1,0,1,1,1,1,1
994,"('GAPD', 'PGK', 'TPI', 'ACONTb', 'ACONTa', 'CS', 'FUM', 'MDH')",1.2649350649350757,1,1,0,0,1,1,1,1,1,1
995,"('GAPD', 'PGM', 'ENO', 'TPI', 'ACONTb', 'ACONTa', 'CS', 'FUM')",1.2649350649350757,1,0,1,1,1,1,1,1,1,0
996,"('GAPD', 'PGM', 'ENO', 'TPI', 'ACONTb', 'ACONTa', 'CS', 'MDH')",1.2649350649350757,1,0,1,1,1,1,1,1,0,1
997,"('GAPD', 'PGM', 'ENO', 'TPI', 'ACONTb', 'ACONTa', 'FUM', 'MDH')",1.2649350649350757,1,0,1,1,1,1,1,0,1,1
998,"('GAPD', 'PGM', 'ENO', 'TPI', 'ACONTb', 'CS', 'FUM', 'MDH')",1.2649350649350757,1,0,1,1,1,1,0,1,1,1
999,"('GAPD', 'PGM', 'ENO', 'TPI', 'ACONTa', 'CS', 'FUM', 'MDH')",1.2649350649350757,1,0,1,1,1,0,1,1,1,1
1000,"('GAPD', 'PGM', 'ENO', 'ACONTb', 'ACONTa', 'CS', 'FUM', 'MDH')",13.638596491228062,1,0,1,1,0,1,1,1,1,1
1001,"('GAPD', 'PGM', 'TPI', 'ACONTb', 'ACONTa', 'CS', 'FUM', 'MDH')",1.2649350649350684,1,0,1,0,1,1,1,1,1,1
1002,"('GAPD', 'ENO', 'TPI', 'ACONTb', 'ACONTa', 'CS', 'FUM', 'MDH')",1.2649350649350684,1,0,0,1,1,1,1,1,1,1
1003,"('PGK', 'PGM', 'ENO', 'TPI', 'ACONTb', 'ACONTa', 'CS', 'FUM')",1.2649350649350684,0,1,1,1,1,1,1,1,1,0
1004,"('PGK', 'PGM', 'ENO', 'TPI', 'ACONTb', 'ACONTa', 'CS', 'MDH')",1.2649350649350684,0,1,1,1,1,1,1,1,0,1
1005,"('PGK', 'PGM', 'ENO', 'TPI', 'ACONTb', 'ACONTa', 'FUM', 'MDH')",1.2649350649350684,0,1,1,1,1,1,1,0,1,1
1006,"('PGK', 'PGM', 'ENO', 'TPI', 'ACONTb', 'CS', 'FUM', 'MDH')",1.2649350649350684,0,1,1,1,1,1,0,1,1,1
1007,"('PGK', 'PGM', 'ENO', 'TPI', 'ACONTa', 'CS', 'FUM', 'MDH')",1.2649350649350684,0,1,1,1,1,0,1,1,1,1
1008,"('PGK', 'PGM', 'ENO', 'ACONTb', 'ACONTa', 'CS', 'FUM', 'MDH')",13.638596491228201,0,1,1,1,0,1,1,1,1,1
1009,"('PGK', 'PGM', 'TPI', 'ACONTb', 'ACONTa', 'CS', 'FUM', 'MDH')",1.2649350649350697,0,1,1,0,1,1,1,1,1,1
1010,"('PGK', 'ENO', 'TPI', 'ACONTb', 'ACONTa', 'CS', 'FUM', 'MDH')",1.2649350649350697,0,1,0,1,1,1,1,1,1,1
1011,"('PGM', 'ENO', 'TPI', 'ACONTb', 'ACONTa', 'CS', 'FUM', 'MDH')",14.340350877192995,0,0,1,1,1,1,1,1,1,1
1012,"('GAPD', 'PGK', 'PGM', 'ENO', 'TPI', 'ACONTb', 'ACONTa', 'CS', 'FUM')",1.2649350649350768,1,1,1,1,1,1,1,1,1,0
1013,"('GAPD', 'PGK', 'PGM', 'ENO', 'TPI', 'ACONTb', 'ACONTa', 'CS', 'MDH')",1.2649350649350768,1,1,1,1,1,1,1,1,0,1
1014,"('GAPD', 'PGK', 'PGM', 'ENO', 'TPI', 'ACONTb', 'ACONTa', 'FUM', 'MDH')",1.2649350649350768,1,1,1,1,1,1,1,0,1,1
1015,"('GAPD', 'PGK', 'PGM', 'ENO', 'TPI', 'ACONTb', 'CS', 'FUM', 'MDH')",1.2649350649350768,1,1,1,1,1,1,0,1,1,1
1016,"('GAPD', 'PGK', 'PGM', 'ENO', 'TPI', 'ACONTa', 'CS', 'FUM', 'MDH')",1.2649350649350768,1,1,1,1,1,0,1,1,1,1
1017,"('GAPD', 'PGK', 'PGM', 'ENO', 'ACONTb', 'ACONTa', 'CS', 'FUM', 'MDH')",13.638596491228112,1,1,1,1,0,1,1,1,1,1
1018,"('GAPD', 'PGK', 'PGM', 'TPI', 'ACONTb', 'ACONTa', 'CS', 'FUM', 'MDH')",1.2649350649350621,1,1,1,0,1,1,1,1,1,1
1019,"('GAPD', 'PGK', 'ENO', 'TPI', 'ACONTb', 'ACONTa', 'CS', 'FUM', 'MDH')",1.2649350649350621,1,1,0,1,1,1,1,1,1,1
1020,"('GAPD', 'PGM', 'ENO', 'TPI', 'ACONTb', 'ACONTa', 'CS', 'FUM', 'MDH')",1.2649350649350637,1,0,1,1,1,1,1,1,1,1
1021,"('PGK', 'PGM', 'ENO', 'TPI', 'ACONTb', 'ACONTa', 'CS', 'FUM', 'MDH')",1.2649350649350637,0,1,1,1,1,1,1,1,1,1
1022,"('GAPD', 'PGK', 'PGM', 'ENO', 'TPI', 'ACONTb', 'ACONTa', 'CS', 'FUM', 'MDH')",1.2649350649350637,1,1,1,1,1,1,1,1,1,1
