Number of interventions,Set number,Force Set,Type of regulation,Min flux in Wild Type (mmol/gDW hr),Max flux in Wild Type (mmol/gDW hr),Min flux in Mutant (mmol/gDW hr),Max flux in Mutant (mmol/gDW hr),Achieved flux (mmol/gDW hr),Objective function (mmol/gDW hr),Minimum guaranteed for target (mmol/gDW hr),Maximum guaranteed for target (mmol/gDW hr),Maximum growth rate (1/hr)
10,1,EX_so4_e,upregulation,-55.20063903,-2.26989,0,0,0,400,400,400,0
,,DHORTS,upregulation,-27.62895268,-2.977155,0,0,0,,,,
,,IPPMIb,upregulation,-6.847363,-4.054779,0,0,0,,,,
,,KARA1,upregulation,-10.661005,-7.868421,0,0,0,,,,
,,SUCCtex,downregulation,-211.6196086,0,-400,-400,-400,,,,
,,EX_gly_e,knockout,0,2.792584,0,0,0,,,,
,,ACONMT,knockout,0,0,0,0,0,,,,
,,ACPS1,knockout,0,0,0,0,0,,,,
,,I2FE2SR,knockout,0,1.84577E-05,0,0,0,,,,
,,PGI,knockout,-178.5465759,298.4903089,-129.1333333,221.85,0,,,,
10,2,IPPMIa,upregulation,-6.847363,-4.054779,0,0,0,400,400,400,0
,,ILETA,upregulation,-5.407345,-2.614761,0,0,0,,,,
,,ORPT,upregulation,-27.62895268,-2.977155,0,0,0,,,,
,,SHKK,downregulation,3.430071,6.222655,0,0,0,,,,
,,SUCCtex,downregulation,-211.6196086,0,-400,-400,-400,,,,
,,EX_o2_e,knockout,-100,-51.22321764,-100,0,0,,,,
,,ACt2rpp,knockout,-1000,0,-1000,0,0,,,,
,,GTHRDtex,knockout,-0.930861333,0,0,0,0,,,,
,,NTD3,knockout,0,66.24193429,0,33.23181818,0,,,,
,,PGPP181pp,knockout,0,46.70360209,0,28.67058824,0,,,,
10,3,SUCCtex,downregulation,-211.6196086,0,-400,-400,-400,400,400,400,0
,,EX_fe3_e,knockout,-144.4403652,195.0602814,0,400,0,,,,
,,ACACT2r,knockout,-7.920500661,88.55583483,0,0,0,,,,
,,ACALD,knockout,-268.8004655,396.9806178,-121.85,393.7,0,,,,
,,3OAR180,knockout,0,42.56845246,0,0,0,,,,
,,ASNt2rpp,knockout,-264.6537452,0,-162.4666667,0,0,,,,
,,PIt2rpp,knockout,-255.9720662,102.0888832,-162.4666667,57.34117647,0,,,,
,,PPA,knockout,0,198.4903089,0,121.85,0,,,,
,,PPK,knockout,-1000,166.9580169,-1000,121.85,0,,,,
,,SUCCt3pp,knockout,0,264.6537452,0,462.4666667,0,,,,
10,4,3OAR140,downregulation,0.700416,43.29688437,0,0,0,400,400,400,0
,,3OAS140,downregulation,0.700416,43.29688437,0,0,0,,,,
,,SUCCtex,downregulation,-211.6196086,0,-400,-400,-400,,,,
,,EX_o2_e,knockout,-100,-51.22321764,-100,0,0,,,,
,,ACtex,knockout,-432.7522656,0,0,0,0,,,,
,,CYTK1,knockout,-64.53529129,200.1184539,-40.61666667,121.85,0,,,,
,,G3PIabcpp,knockout,0,0,0,0,0,,,,
,,HACD5,knockout,-39.72428212,11.580672,0,0,0,,,,
,,NDPK2,knockout,3.592053,202.3178559,0,121.85,0,,,,
,,PItex,knockout,8.681679,33.49296761,0,0,0,,,,
10,5,MALS,upregulation,0,102.2572738,0,130.62,100,400,400,400,0
,,TYRTA,upregulation,-4.035655,-1.243071,0,0,0,,,,
,,SUCCtex,downregulation,-211.6196086,0,-400,-400,-400,,,,
,,EX_ac_e,knockout,0,432.7522656,0,0,0,,,,
,,EX_o2_e,knockout,-100,-51.22321764,-100,0,0,,,,
,,AACTOOR,knockout,0,66.49842229,0,37.49230769,0,,,,
,,FACOAE60,knockout,0,198.4903089,0,121.85,0,,,,
,,GLYC2Pabcpp,knockout,0,0,0,0,0,,,,
,,PItex,knockout,8.681679,33.49296761,0,0,0,,,,
,,PPA,knockout,0,198.4903089,0,121.85,0,,,,
10,6,SUCCtex,downregulation,-211.6196086,0,-400,-400,-400,400,400,400,0
,,EX_o2_e,knockout,-100,-51.22321764,-100,0,0,,,,
,,EX_val__L_e,knockout,0,2.792584,0,0,0,,,,
,,DHAtpp,knockout,-122.2864964,0,0,0,0,,,,
,,HACD5,knockout,-39.72428212,11.580672,0,0,0,,,,
,,NH4tex,knockout,97.207416,100,0,42.3826087,0,,,,
,,LPLIPAL2ATE161,knockout,0,0,0,0,0,,,,
,,PItex,knockout,8.681679,33.49296761,0,0,0,,,,
,,PPA,knockout,0,198.4903089,0,121.85,0,,,,
,,PPK,knockout,-1000,166.9580169,-1000,121.85,0,,,,
10,7,ACHBS,downregulation,2.614761,5.407345,0,0,0,400,400,400,0
,,ACLS,downregulation,7.868421,10.661005,0,0,0,,,,
,,SUCCtex,downregulation,-211.6196086,0,-400,-400,-400,,,,
,,EX_pi_e,knockout,-33.49296761,-8.681679,0,0,0,,,,
,,ACACT2r,knockout,-7.920500661,88.55583483,0,0,0,,,,
,,ACGAL1Ptex,knockout,0,0,0,0,0,,,,
,,ASPTA,knockout,-423.3297288,-26.349111,-393.7,0,0,,,,
,,MPTAT,knockout,0.002196,0.002261387,0,0,0,,,,
,,PIt2rpp,knockout,-255.9720662,102.0888832,-162.4666667,57.34117647,0,,,,
,,PPA,knockout,0,198.4903089,0,121.85,0,,,,
10,8,ATPS4rpp,downregulation,16.60212156,479.7074442,-96.85,65.61666667,-96.85,400,400,400,0
,,SUCCtex,downregulation,-211.6196086,0,-400,-400,-400,,,,
,,EX_ac_e,knockout,0,432.7522656,0,0,0,,,,
,,EX_nh4_e,knockout,-100,-97.207416,-42.3826087,0,0,,,,
,,EX_pi_e,knockout,-33.49296761,-8.681679,0,0,0,,,,
,,DHAtex,knockout,-122.2864964,0,0,0,0,,,,
,,ECOAH8,knockout,-42.56845246,0.01292486,0,0,0,,,,
,,GLYALDtex,knockout,-99.24515444,0,0,0,0,,,,
,,O2tex,knockout,51.22321764,100,0,100,0,,,,
,,PPA,knockout,0,198.4903089,0,121.85,0,,,,
10,9,SUCCtex,downregulation,-211.6196086,0,-400,-400,-400,400,400,400,0
,,EX_o2_e,knockout,-100,-51.22321764,-100,0,0,,,,
,,EX_pi_e,knockout,-33.49296761,-8.681679,0,0,0,,,,
,,12DGR140tipp,knockout,0,88.21791506,0,54.15555556,0,,,,
,,ACACT3r,knockout,-12.37243652,11.580672,0,0,0,,,,
,,5DGLCNR,knockout,-50.57950508,0,0,0,0,,,,
,,ACtex,knockout,-432.7522656,0,0,0,0,,,,
,,CYTK1,knockout,-64.53529129,200.1184539,-40.61666667,121.85,0,,,,
,,PIt2rpp,knockout,-255.9720662,102.0888832,-162.4666667,57.34117647,0,,,,
,,PPA,knockout,0,198.4903089,0,121.85,0,,,,
10,10,ANPRT,downregulation,0.511587,3.304171,0,0,0,400,400,400,0
,,ATPS4rpp,downregulation,16.60212156,479.7074442,-96.85,65.61666667,-96.85,,,,
,,SUCCtex,downregulation,-211.6196086,0,-400,-400,-400,,,,
,,EX_hxa_e,knockout,0,85.35291483,0,0,0,,,,
,,EX_o2_e,knockout,-100,-51.22321764,-100,0,0,,,,
,,CITL,knockout,0,288.8135809,0,121.85,0,,,,
,,FE3tex,knockout,-195.0602814,144.4403652,-400,0,0,,,,
,,PIt2rpp,knockout,-255.9720662,102.0888832,-162.4666667,57.34117647,0,,,,
,,PPA,knockout,0,198.4903089,0,121.85,0,,,,
,,THD2pp,knockout,0,407.0931518,0,243.7,0,,,,
10,11,SUCCtex,downregulation,-211.6196086,0,-400,-400,-400,400,400,400,0
,,EX_o2_e,knockout,-100,-51.22321764,-100,0,0,,,,
,,EX_pi_e,knockout,-33.49296761,-8.681679,0,0,0,,,,
,,EX_pyr_e,knockout,0,248.2993886,0,0,0,,,,
,,ACACT1r,knockout,-7.920500661,88.55583483,0,0,0,,,,
,,F6PA,knockout,-198.9935393,262.4052316,-197.48,148.425,0,,,,
,,FE3tex,knockout,-195.0602814,144.4403652,-400,0,0,,,,
,,INStex,knockout,-0.698146,0,0,0,0,,,,
,,PPA,knockout,0,198.4903089,0,121.85,0,,,,
,,PPK,knockout,-1000,166.9580169,-1000,121.85,0,,,,
10,12,SUCCtex,downregulation,-211.6196086,0,-400,-400,-400,400,400,400,0
,,EX_hxa_e,knockout,0,85.35291483,0,0,0,,,,
,,EX_mnl_e,knockout,0,0,0,0,0,,,,
,,EX_o2_e,knockout,-100,-51.22321764,-100,0,0,,,,
,,ACtex,knockout,-432.7522656,0,0,0,0,,,,
,,APH181,knockout,0,198.4903089,0,121.85,0,,,,
,,M1PD,knockout,0,0,0,0,0,,,,
,,PItex,knockout,8.681679,33.49296761,0,0,0,,,,
,,PPA,knockout,0,198.4903089,0,121.85,0,,,,
,,PPK,knockout,-1000,166.9580169,-1000,121.85,0,,,,
10,13,ASPCT,downregulation,2.977155,27.62895268,0,0,0,400,400,400,0
,,SUCCtex,downregulation,-211.6196086,0,-400,-400,-400,,,,
,,EX_pi_e,knockout,-33.49296761,-8.681679,0,0,0,,,,
,,CYTK1,knockout,-64.53529129,200.1184539,-40.61666667,121.85,0,,,,
,,DHAtex,knockout,-122.2864964,0,0,0,0,,,,
,,FE2tex,knockout,-144.2958162,195.2048304,0,400,0,,,,
,,NH4tex,knockout,97.207416,100,0,42.3826087,0,,,,
,,NADK,knockout,0.004023,198.4943319,0,121.85,0,,,,
,,O2tex,knockout,51.22321764,100,0,100,0,,,,
,,PUNP1,knockout,-198.4963659,198.4903089,-121.85,121.85,0,,,,
10,14,SDPTA,upregulation,-4.734833,-3.338541,0,0,0,400,400,400,0
,,SUCCtex,downregulation,-211.6196086,0,-400,-400,-400,,,,
,,EX_hxa_e,knockout,0,85.35291483,0,0,0,,,,
,,EX_pi_e,knockout,-33.49296761,-8.681679,0,0,0,,,,
,,ACACT5r,knockout,-39.72428212,11.580672,0,0,0,,,,
,,ACtex,knockout,-432.7522656,0,0,0,0,,,,
,,FA120ACPHi,knockout,0,198.4903089,0,121.85,0,,,,
,,FACOAL141t2pp,knockout,0,75.61535576,0,46.41904762,0,,,,
,,HCO3E,knockout,4.732605,203.2229139,0,121.85,0,,,,
,,PPA,knockout,0,198.4903089,0,121.85,0,,,,
10,15,SUCCtex,downregulation,-211.6196086,0,-400,-400,-400,400,400,400,0
,,EX_o2_e,knockout,-100,-51.22321764,-100,0,0,,,,
,,EX_pi_e,knockout,-33.49296761,-8.681679,0,0,0,,,,
,,ACACT5r,knockout,-39.72428212,11.580672,0,0,0,,,,
,,GDMANE,knockout,0,0,0,0,0,,,,
,,FEROpp,knockout,0,48.77678236,0,100,0,,,,
,,NI2t3pp,knockout,0,793.9612355,0,487.4,0,,,,
,,PPA,knockout,0,198.4903089,0,121.85,0,,,,
,,PPK,knockout,-1000,166.9580169,-1000,121.85,0,,,,
,,THD2pp,knockout,0,407.0931518,0,243.7,0,,,,
10,16,ATPS4rpp,downregulation,16.60212156,479.7074442,-96.85,65.61666667,-96.85,400,400,400,0
,,SUCCtex,downregulation,-211.6196086,0,-400,-400,-400,,,,
,,EX_o2_e,knockout,-100,-51.22321764,-100,0,0,,,,
,,EX_pi_e,knockout,-33.49296761,-8.681679,0,0,0,,,,
,,ACACT5r,knockout,-39.72428212,11.580672,0,0,0,,,,
,,FEROpp,knockout,0,48.77678236,0,100,0,,,,
,,MCITL2,knockout,0,109.7477603,0,54.15555556,0,,,,
,,PPA,knockout,0,198.4903089,0,121.85,0,,,,
,,PPK,knockout,-1000,166.9580169,-1000,121.85,0,,,,
,,PYK,knockout,0,450.3998616,0,196.85,0,,,,
10,17,SUCCtex,downregulation,-211.6196086,0,-400,-400,-400,400,400,400,0
,,EX_o2_e,knockout,-100,-51.22321764,-100,0,0,,,,
,,EX_pi_e,knockout,-33.49296761,-8.681679,0,0,0,,,,
,,ACALDtpp,knockout,-248.2993886,0,0,0,0,,,,
,,ACOAD1f,knockout,-88.55583483,7.920500661,0,0,0,,,,
,,F6PA,knockout,-198.9935393,262.4052316,-197.48,148.425,0,,,,
,,PIt2rpp,knockout,-255.9720662,102.0888832,-162.4666667,57.34117647,0,,,,
,,PPA,knockout,0,198.4903089,0,121.85,0,,,,
,,PPK,knockout,-1000,166.9580169,-1000,121.85,0,,,,
,,PYRt2rpp,knockout,-248.2993886,0,0,0,0,,,,
10,18,ATPS4rpp,downregulation,16.60212156,479.7074442,-96.85,65.61666667,-96.85,400,400,400,0
,,BPNT,downregulation,2.230848,55.16159703,0,0,0,,,,
,,SUCCtex,downregulation,-211.6196086,0,-400,-400,-400,,,,
,,EX_ac_e,knockout,0,432.7522656,0,0,0,,,,
,,EX_o2_e,knockout,-100,-51.22321764,-100,0,0,,,,
,,ADK1,knockout,-1000,1000,-1000,1000,0,,,,
,,ETHAtex,knockout,-2.792584,0,0,0,0,,,,
,,FACOAE60,knockout,0,198.4903089,0,121.85,0,,,,
,,PPK,knockout,-1000,166.9580169,-1000,121.85,0,,,,
,,RPE,knockout,-121.7405178,128.7134773,-48.74,88.61818182,0,,,,
10,19,3OAR140,downregulation,0.700416,43.29688437,0,0,0,400,400,400,0
,,CYSTL,downregulation,1.385199,2.316060333,0,0,0,,,,
,,SUCCtex,downregulation,-211.6196086,0,-400,-400,-400,,,,
,,EX_o2_e,knockout,-100,-51.22321764,-100,0,0,,,,
,,DHAtex,knockout,-122.2864964,0,0,0,0,,,,
,,HEXt2rpp,knockout,-198.4903089,0,-121.85,0,0,,,,
,,PIt2rpp,knockout,-255.9720662,102.0888832,-162.4666667,57.34117647,0,,,,
,,PItex,knockout,8.681679,33.49296761,0,0,0,,,,
,,TMAOtex,knockout,0,0,0,0,0,,,,
,,UACGAMPpp,knockout,0,0,0,0,0,,,,
10,20,SUCCtex,downregulation,-211.6196086,0,-400,-400,-400,400,400,400,0
,,EX_o2_e,knockout,-100,-51.22321764,-100,0,0,,,,
,,ACACT5r,knockout,-39.72428212,11.580672,0,0,0,,,,
,,ACtex,knockout,-432.7522656,0,0,0,0,,,,
,,DHAtpp,knockout,-122.2864964,0,0,0,0,,,,
,,HACD2,knockout,-7.920500661,88.55583483,0,0,0,,,,
,,LDH_D,knockout,-293.1287254,99.24515444,0,54.15555556,0,,,,
,,PItex,knockout,8.681679,33.49296761,0,0,0,,,,
,,PPA,knockout,0,198.4903089,0,121.85,0,,,,
,,PPK,knockout,-1000,166.9580169,-1000,121.85,0,,,,
